Assignees,Group,Completed date,Property,Task title,Total cost,Rate paid,Task ID,Status,Task tags,Amount due
Alessandra Prates,HK - Cleaning by Prates,05/26/2025,52 South Grande Beach Drive (52GRANDE) - 52 Grande Beach Drive South,0.1. B2B Departure Cleaning,0.0,374.0,96946415,Finished,RES-49849,374.0
Alessandra Prates,HK - Cleaning by Prates,05/26/2025,A Wave From It All (AWAVEFRO) - 491 Old Beach Road,0.2. Non B2B Departure Cleaning,0.0,414.0,96092435,Finished,RES-49774,414.0
Alessandra Prates,HK - Cleaning by Prates,05/31/2025,Emerald View on 30A (4915W30A) - 4915 W County Hwy 30A,0.1. B2B Departure Cleaning,0.0,443.0,96991485,Finished,,443.0
Alessandra Prates,HK - Cleaning by Prates,05/31/2025,Double Trouble (45MARY) - 45 Mary St,0.2. Non B2B Departure Cleaning,0.0,370.0,98847466,Finished,,370.0
Alessandra Prates,HK - Cleaning by Prates,05/31/2025,A Wave From It All (AWAVEFRO) - 491 Old Beach Road,0.1. B2B Departure Cleaning,0.0,414.0,97385505,Finished,,414.0
Alessandra Prates,HK - Cleaning by Prates,05/31/2025,52 South Grande Beach Drive (52GRANDE) - 52 Grande Beach Drive South,0.1. B2B Departure Cleaning,0.0,374.0,96946421,Finished,,374.0
