Assignees,Group,Completed date,Property,Task title,Total cost,Rate paid,Task ID,Status,Reservation ID,Task tags,Amount due
Alessandra Prates,HK - Cleaning by Prates,07/16/2025,52 South Grande Beach Drive (52GRANDE) - 52 Grande Beach Drive South,0.2. Non B2B Departure Cleaning,0.0,374.0,102896088,Finished,RES-50173,,374.0
Alessandra Prates,HK - Cleaning by Prates,07/19/2025,A Wave From It All (AWAVEFRO) - 491 Old Beach Road,0.1. B2B Departure Cleaning,0.0,414.0,103276425,Finished,RES-48258,,414.0
Alessandra Prates,HK - Cleaning by Prates,07/19/2025,Emerald View on 30A (4915W30A) - 4915 W County Hwy 30A,0.1. B2B Departure Cleaning,0.0,443.0,103276662,Finished,RES-46951,,443.0
Alessandra Prates,HK - Cleaning by Prates,07/19/2025,Double Trouble (45MARY) - 45 Mary St,0.1. B2B Departure Cleaning,0.0,370.0,103276650,Finished,RES-49168,,370.0
