Assignees,Group,Completed date,Property,Task title,Total cost,Rate paid,Task ID,Status,Task tags,Amount due
Carolyn Mcelrath,HK - Housekeepers NWF,05/26/2025,Lillie's Luxury Lighthouse (66SUNSET) - 66 Sunset Avenue,0.1. B2B Departure Cleaning,,319.0,97234713,Finished,RES-49724,319.0
Carolyn Mcelrath,HK - Housekeepers NWF,05/28/2025,Sandcastle on Sandstone (52SANDSN) - 52 Sandstone Street,0.2. Non B2B Departure Cleaning,0.0,430.0,96255681,Finished,,430.0
Carolyn Mcelrath,HK - Housekeepers NWF,05/29/2025,Southern Charm (SOCHARM) - 33 Quarter Moon Lane,0.2. Non B2B Departure Cleaning,0.0,224.0,96674291,Finished,,224.0
Carolyn Mcelrath,HK - Housekeepers NWF,05/29/2025,All Inn (ALLINN) - 20 Santa Clara Street,0.1. B2B Departure Cleaning,0.0,450.0,98924222,Finished,,450.0
Carolyn Mcelrath,HK - Housekeepers NWF,05/30/2025,Edge of the Sea (124GEOFF) - 124 Geoff Wilder Lane,0.1. B2B Departure Cleaning,0.0,210.0,97829659,Finished,,210.0
Carolyn Mcelrath,HK - Housekeepers NWF,05/30/2025,Bluegrass Blessings (277WATER) - 277 E Water Street,0.2. Non B2B Departure Cleaning,0.0,225.0,96781214,Finished,,225.0
Carolyn Mcelrath,HK - Housekeepers NWF,05/31/2025,30A Linger Longer (5055W30A) - 5055 W County Hwy 30A #1025,0.1. B2B Departure Cleaning,0.0,262.0,96991569,Finished,,262.0
Carolyn Mcelrath,HK - Housekeepers NWF,05/31/2025,Barefoot at the Beach (41WATCH) - 41 S Watch Tower Lane,0.1. B2B Departure Cleaning,0.0,357.0,96870862,Finished,,357.0
Carolyn Mcelrath,HK - Housekeepers NWF,05/31/2025,Forever Grateful (FOREVER) - 4525 West County Highway 30A,0.1. B2B Departure Cleaning,0.0,517.0,96870815,Finished,,517.0
Carolyn Mcelrath,HK - Housekeepers NWF,05/31/2025,Blue Pine Sea-clusion (BLUEPINE) - 51 Cullman Ave,0.1. B2B Departure Cleaning,,347.0,96991219,Finished,,347.0
Carolyn Mcelrath,HK - Housekeepers NWF,05/31/2025,Seas The Day (SEASDAY) - 83 Geoff Wilder Lane,0.1. B2B Departure Cleaning,0.0,250.0,96823023,Finished,,250.0
Carolyn Mcelrath,HK - Housekeepers NWF,05/31/2025,Hidden Cypress (HIDDEN) - 115 Cypress Grove Lane,0.1. B2B Departure Cleaning,0.0,230.0,96991206,Finished,,230.0
Carolyn Mcelrath,HK - Housekeepers NWF,06/01/2025,All Inn (ALLINN) - 20 Santa Clara Street,0.1. B2B Departure Cleaning,0.0,450.0,98924227,Finished,,450.0
Carolyn Mcelrath,HK - Housekeepers NWF,06/01/2025,28 Beach Bike Way (28BEACH) - 28 Beach Bike Way,0.2. Non B2B Departure Cleaning,0.0,413.0,96781081,Finished,,413.0
Carolyn Mcelrath,HK - Housekeepers NWF,06/01/2025,Lillie's Luxury Lighthouse (66SUNSET) - 66 Sunset Avenue,0.1. B2B Departure Cleaning,,319.0,96990143,Finished,RES-49331,319.0
