Assignees,Group,Completed date,Property,Task title,Total cost,Rate paid,Task ID,Status,Task tags,Amount due
Carolyn Mcelrath,HK - Housekeepers NWF,2025-05-12,28 Beach Bike Way (28BEACH) - 28 Beach Bike Way,0.2. Non B2B Departure Cleaning,313.0,,94700337,Finished,RES-48337,313.0
Carolyn Mcelrath,HK - Housekeepers NWF,2025-05-13,Edge of the Sea (124GEOFF) - 124 Geoff Wilder Lane,0.2. Non B2B Departure Cleaning,210.0,,94854886,Finished,RES-48066,210.0
Carolyn Mcelrath,HK - Housekeepers NWF,2025-05-14,Lillie's Luxury Lighthouse (66SUNSET) - 66 Sunset Avenue,0.2. Non B2B Departure Cleaning,319.0,,95655096,Finished,RES-49719,319.0
Carolyn Mcelrath,HK - Housekeepers NWF,2025-05-14,Barefoot at the Beach (41WATCH) - 41 S Watch Tower Lane,0.2. Non B2B Departure Cleaning,357.0,,94945934,Finished,RES-48494,357.0
Carolyn Mcelrath,HK - Housekeepers NWF,2025-05-16,30A Linger Longer (5055W30A) - 5055 W County Hwy 30A #1025,0.1. B2B Departure Cleaning,0.0,262.0,95153278,Finished,RES-48478,262.0
Carolyn Mcelrath,HK - Housekeepers NWF,2025-05-17,Seas The Day (SEASDAY) - 83 Geoff Wilder Lane,0.1. B2B Departure Cleaning,0.0,250.0,95239542,Finished,RES-49101,250.0
