Assignees,Group,Completed date,Property,Task title,Total cost,Rate paid,Task ID,Status,Reservation ID,Task tags,Amount due
Carolyn Mcelrath,HK - Housekeepers NWF,07/15/2025,Southern Charm (SOCHARM) - 33 Quarter Moon Lane,0.2. Non B2B Departure Cleaning,0.0,224.0,104494806,Finished,RES-50504,,224.0
Carolyn Mcelrath,HK - Housekeepers NWF,07/18/2025,Wave N' Sea (66GEOFF) - 66 Geoff Wilder Lane,0.2. Non B2B Departure Cleaning,,200.0,103035485,Finished,RES-49890,,200.0
Carolyn Mcelrath,HK - Housekeepers NWF,07/19/2025,Hallelujah (HALLELU) - 18 Garfield Street,0.1. B2B Departure Cleaning,,360.0,103276461,Finished,RES-49208,,360.0
Carolyn Mcelrath,HK - Housekeepers NWF,07/19/2025,Seas The Day (SEASDAY) - 83 Geoff Wilder Lane,0.1. B2B Departure Cleaning,0.0,250.0,103276374,Finished,RES-47522,,250.0
Carolyn Mcelrath,HK - Housekeepers NWF,07/19/2025,Barefoot Daze (BAREFOOT) - 75 Geoff Wilder Lane,0.1. B2B Departure Cleaning,0.0,250.0,103276384,Finished,RES-47927,,250.0
Carolyn Mcelrath,HK - Housekeepers NWF,07/19/2025,Barefoot at the Beach (41WATCH) - 41 S Watch Tower Lane,0.1. B2B Departure Cleaning,0.0,357.0,103276418,Finished,RES-47527,,357.0
Carolyn Mcelrath,HK - Housekeepers NWF,07/19/2025,Lillie's Luxury Lighthouse (66SUNSET) - 66 Sunset Avenue,0.1. B2B Departure Cleaning,,319.0,103276190,Finished,RES-48852,,319.0
Carolyn Mcelrath,HK - Housekeepers NWF,07/19/2025,All Inn (ALLINN) - 20 Santa Clara Street,0.1. B2B Departure Cleaning,0.0,450.0,103276442,Finished,RES-49166,,450.0
Carolyn Mcelrath,HK - Housekeepers NWF,07/19/2025,28 Beach Bike Way (28BEACH) - 28 Beach Bike Way,0.1. B2B Departure Cleaning,0.0,313.0,103276543,Finished,RES-50351,,313.0
Carolyn Mcelrath,HK - Housekeepers NWF,07/19/2025,30A Linger Longer (5055W30A) - 5055 W County Hwy 30A #1025,0.1. B2B Departure Cleaning,0.0,262.0,103276676,Finished,RES-49977,,262.0
Carolyn Mcelrath,HK - Housekeepers NWF,07/19/2025,Bluegrass Blessings (277WATER) - 277 E Water Street,0.1. B2B Departure Cleaning,0.0,225.0,103276632,Finished,RES-49751,,225.0
Carolyn Mcelrath,HK - Housekeepers NWF,07/20/2025,Southern Charm (SOCHARM) - 33 Quarter Moon Lane,0.1. B2B Departure Cleaning,0.0,224.0,105398516,Finished,RES-50568,,224.0
