Assignees,Group,Completed date,Property,Task title,Total cost,Rate paid,Task ID,Status,Task tags
Carolyn Mcelrath,HK - Housekeepers NWF,2025-05-12,28 Beach Bike Way (28BEACH) - 28 Beach Bike Way,0.2. Non B2B Departure Cleaning,313.0,,94700337,Finished,
Carolyn Mcelrath,HK - Housekeepers NWF,2025-05-13,Edge of the Sea (124GEOFF) - 124 Geoff Wilder Lane,0.2. Non B2B Departure Cleaning,210.0,,94854886,Finished,
Carolyn Mcelrath,HK - Housekeepers NWF,2025-05-14,Lillie's Luxury Lighthouse (66SUNSET) - 66 Sunset Avenue,0.2. Non B2B Departure Cleaning,319.0,,95655096,Finished,RES-49719
Carolyn Mcelrath,HK - Housekeepers NWF,2025-05-14,Barefoot at the Beach (41WATCH) - 41 S Watch Tower Lane,0.2. Non B2B Departure Cleaning,357.0,,94945934,Finished,RES-48494
