Assignees,Group,Completed date,Property,Task title,Total cost,Rate paid,Task ID,Status,Task tags,Amount due
Carolyn Mcelrath,HK - Housekeepers NWF,05/19/2025,Bluegrass Blessings (277WATER) - 277 E Water Street,0.1. B2B Departure Cleaning,225.0,200.0,96172050,Finished,RES-49234,200.0
Carolyn Mcelrath,HK - Housekeepers NWF,05/22/2025,Hidden Cypress (HIDDEN) - 115 Cypress Grove Lane,0.1. B2B Departure Cleaning,230.0,230.0,97260717,Finished,RES-46634,230.0
Carolyn Mcelrath,HK - Housekeepers NWF,05/22/2025,Southern Charm (SOCHARM) - 33 Quarter Moon Lane,0.2. Non B2B Departure Cleaning,224.0,224.0,97968492,Finished,RES-49638,224.0
Carolyn Mcelrath,HK - Housekeepers NWF,05/22/2025,Bluegrass Blessings (277WATER) - 277 E Water Street,0.2. Non B2B Departure Cleaning,225.0,200.0,97946768,Finished,RES-49784,200.0
Carolyn Mcelrath,HK - Housekeepers NWF,05/23/2025,28 Beach Bike Way (28BEACH) - 28 Beach Bike Way,0.1. B2B Departure Cleaning,313.0,313.0,95924933,Finished,RES-47695,313.0
Carolyn Mcelrath,HK - Housekeepers NWF,05/24/2025,Barefoot at the Beach (41WATCH) - 41 S Watch Tower Lane,0.1. B2B Departure Cleaning,357.0,357.0,96014359,Finished,RES-49262,357.0
Carolyn Mcelrath,HK - Housekeepers NWF,05/24/2025,Forever Grateful (FOREVER) - 4525 West County Highway 30A,0.1. B2B Departure Cleaning,517.0,517.0,96014367,Finished,RES-48192,517.0
Carolyn Mcelrath,HK - Housekeepers NWF,05/24/2025,30A Linger Longer (5055W30A) - 5055 W County Hwy 30A #1025,0.1. B2B Departure Cleaning,262.0,262.0,96015189,Finished,RES-45764,262.0
Carolyn Mcelrath,HK - Housekeepers NWF,05/24/2025,Seas The Day (SEASDAY) - 83 Geoff Wilder Lane,0.1. B2B Departure Cleaning,250.0,250.0,96014342,Finished,RES-45944,250.0
Carolyn Mcelrath,HK - Housekeepers NWF,05/25/2025,Edge of the Sea (124GEOFF) - 124 Geoff Wilder Lane,0.2. Non B2B Departure Cleaning,0.0,210.0,96015022,Finished,RES-46023,210.0
