Assignees,Group,Completed date,Property,Task title,Total cost,Rate paid,Task ID,Status,Task tags
Cleaning by Castro LLC,HK - Cleaning by Castro,2025-05-13,Latitude Adjustment (70TRIGGR) - 70 E Trigger Trail,0.2. Non B2B Departure Cleaning,350.0,,94700381,Finished,RES-49250
Cleaning by Castro LLC,HK - Coconut Cleaning Pros,2025-05-13,136 Silver Laurel (136SLVR) - 136 Silver Laurel Way,clean all floors (Paid 5/16),75.0,,97133617,Approved,
Cleaning by Castro LLC,HK - Cleaning by Castro,2025-05-13,28 Dalton Drive (28DALTON) - 28 Dalton Drive,0.2. Non B2B Departure Cleaning (Paid 5/16),250.0,,96457305,Finished,
Cleaning by Castro LLC,HK - Cleaning by Castro,2025-05-13,"Always Beachy on 30A (SRVA401) - 4451 W County Hwy 30A, A-401",0.1. B2B Departure Cleaning,182.0,,95082708,Finished,RES-49447
Cleaning by Castro LLC,HK - Cleaning by Castro,2025-05-15,"Always Beachy on 30A (SRVA401) - 4451 W County Hwy 30A, A-401",0.2. Non B2B Departure Cleaning,0.0,182.0,97018678,Finished,RES-49460
Cleaning by Castro LLC,HK - Cleaning by Castro,2025-05-16,Sea4Ever (SEA4EVER) - 2907 E County Highway 30A,0.1. B2B Departure Cleaning,0.0,490.0,95153137,Finished,RES-47617
Cleaning by Castro LLC,HK - Cleaning by Castro,2025-05-18,LegaSea on 30A (10TRIGGR) - 10 Trigger Trail E,0.2. Non B2B Departure Cleaning,0.0,276.0,95239173,Finished,RES-49471
Cleaning by Castro LLC,HK - Cleaning by Castro,2025-05-18,Sunset Lounge (32SEAWLK) - 32 Sea Walk Circle,0.1. B2B Departure Cleaning,0.0,350.0,95193641,Finished,RES-48605
