Assignees,Group,Completed date,Property,Task title,Total cost,Rate paid,Task ID,Status,Reservation ID,Task tags,Amount due
Cleaning by Castro LLC,HK - Cleaning by Castro,07/14/2025,LegaSea on 30A (10TRIGGR) - 10 Trigger Trail E,0.1. B2B Departure Cleaning,0.0,276.0,102615858,Finished,RES-49178,,276.0
Cleaning by Castro LLC,HK - Cleaning by Castro,07/17/2025,Vitamin Sea at Seacrest (87SEA) - 87 Seacrest Drive,0.2. Non B2B Departure Cleaning,0.0,524.0,103035461,Finished,RES-50246,,524.0
Cleaning by Castro LLC,HK - Cleaning by Castro,07/18/2025,LegaSea on 30A (10TRIGGR) - 10 Trigger Trail E,0.2. B2B Departure Cleaning,0.0,276.0,103162586,Finished,RES-50077,,276.0
Cleaning by Castro LLC,HK - Cleaning by Castro,07/18/2025,"Always Beachy on 30A (SRVA401) - 4451 W County Hwy 30A, A-401",0.2. Non B2B Departure Cleaning,0.0,182.0,103162882,Finished,RES-49801,,182.0
Cleaning by Castro LLC,HK - Cleaning by Castro,07/19/2025,28 Dalton Drive (28DALTON) - 28 Dalton Drive,0.1. B2B Departure Cleaning,,250.0,103276197,Finished,RES-50045,,250.0
Cleaning by Castro LLC,HK - Cleaning by Castro,07/19/2025,WaterCastle (WCASTLE) - 115 Mystic Cobalt Street,0.1. B2B Departure Cleaning,,385.0,103276568,Finished,RES-49115,,385.0
Cleaning by Castro LLC,HK - Cleaning by Castro,07/19/2025,Gone Coastal (157SEA) - 157 Seacrest Drive,0.1. B2B Departure Cleaning,,524.0,103276525,Finished,RES-48948,,524.0
Cleaning by Castro LLC,HK - Cleaning by Castro,07/19/2025,Sip n' Sea (SIPNSEA) - 33 Seacrest Beach Boulevard,0.1. B2B Departure Cleaning,0.0,260.0,103276471,Finished,RES-49590,,260.0
Cleaning by Castro LLC,HK - Cleaning by Castro,07/19/2025,Sandy Boardwalk (54SEASHR) - 54 Seashore Circle,0.1. B2B Departure Cleaning,0.0,500.0,103276597,Finished,RES-48321,,500.0
Cleaning by Castro LLC,HK - Cleaning by Castro,07/19/2025,Sandy Feet (165PINE) - 165 Pine Needle Way,0.1. B2B Departure Cleaning,0.0,310.0,103276677,Finished,RES-49127,,310.0
Cleaning by Castro LLC,HK - Cleaning by Castro,07/19/2025,Sunset Lounge (32SEAWLK) - 32 Sea Walk Circle,0.1. B2B Departure Cleaning,0.0,350.0,103276654,Finished,RES-49802,,350.0
Cleaning by Castro LLC,HK - Cleaning by Castro,07/19/2025,Bikinis and Martinis (BIKINIS) - 26 Sea Walk Circle,0.1. B2B Departure Cleaning,0.0,300.0,103276601,Finished,RES-48814,,300.0
