Assignees,Group,Completed date,Property,Task title,Total cost,Rate paid,Task ID,Status,Task tags
Cleaning by Castro LLC,HK - Cleaning by Castro,2025-05-13,Latitude Adjustment (70TRIGGR) - 70 E Trigger Trail,0.2. Non B2B Departure Cleaning,350.0,,94700381,Finished,
Cleaning by Castro LLC,HK - Cleaning by Castro,2025-05-13,28 Dalton Drive (28DALTON) - 28 Dalton Drive,0.2. Non B2B Departure Cleaning (Paid 5/16),250.0,,96457305,Finished,
Cleaning by Castro LLC,HK - Cleaning by Castro,2025-05-13,"Always Beachy on 30A (SRVA401) - 4451 W County Hwy 30A, A-401",0.1. B2B Departure Cleaning,182.0,,95082708,Finished,
Cleaning by Castro LLC,HK - Coconut Cleaning Pros,2025-05-13,136 Silver Laurel (136SLVR) - 136 Silver Laurel Way,clean all floors (Paid 5/16),75.0,,97133617,Approved,
Cleaning by Castro LLC,HK - Cleaning by Castro,2025-05-15,"Always Beachy on 30A (SRVA401) - 4451 W County Hwy 30A, A-401",0.2. Non B2B Departure Cleaning,0.0,182.0,97018678,Finished,
