Assignees,Group,Completed date,Property,Task title,Total cost,Rate paid,Task ID,Status,Task tags,Amount due
Cleaning by Castro LLC,HK - Cleaning by Castro,05/27/2025,Bikinis and Martinis (BIKINIS) - 26 Sea Walk Circle,0.1. B2B Departure Cleaning,0.0,300.0,96389514,Finished,,300.0
Cleaning by Castro LLC,HK - Cleaning by Castro,05/29/2025,28 Dalton Drive (28DALTON) - 28 Dalton Drive,0.2. Non B2B Departure Cleaning,,250.0,96255323,Finished,,250.0
Cleaning by Castro LLC,HK - Cleaning by Castro,05/29/2025,Sandy Feet (165PINE) - 165 Pine Needle Way,0.2. Non B2B Departure Cleaning,0.0,310.0,96309096,Finished,,310.0
Cleaning by Castro LLC,HK - Cleaning by Castro,05/29/2025,30A Mojo (2669E30A) - 2669 East County Highway 30A,0.2. Non B2B Departure Cleaning,0.0,360.0,96674279,Finished,,360.0
Cleaning by Castro LLC,HK - Cleaning by Castro,05/29/2025,Sunset Lounge (32SEAWLK) - 32 Sea Walk Circle,0.2. Non B2B Departure Cleaning,0.0,350.0,96674851,Finished,,350.0
Cleaning by Castro LLC,HK - Cleaning by Castro,05/31/2025,"Always Beachy on 30A (SRVA401) - 4451 W County Hwy 30A, A-401",0.1. B2B Departure Cleaning,0.0,182.0,98734302,Finished,,182.0
Cleaning by Castro LLC,HK - Cleaning by Castro,05/31/2025,Gone Coastal (157SEA) - 157 Seacrest Drive,0.1. B2B Departure Cleaning,,524.0,96991251,Finished,,524.0
Cleaning by Castro LLC,HK - Cleaning by Castro,06/01/2025,Sandy Feet (165PINE) - 165 Pine Needle Way,0.1. B2B Departure Cleaning,0.0,310.0,98066461,Finished,,310.0
Cleaning by Castro LLC,HK - Cleaning by Castro,06/01/2025,WaterCastle (WCASTLE) - 115 Mystic Cobalt Street,0.1. B2B Departure Cleaning,,385.0,98319047,Finished,,385.0
Cleaning by Castro LLC,HK - Cleaning by Castro,06/01/2025,Bikinis and Martinis (BIKINIS) - 26 Sea Walk Circle,0.1. B2B Departure Cleaning,0.0,300.0,96991349,Finished,,300.0
Cleaning by Castro LLC,HK - Cleaning by Castro,06/01/2025,Vitamin Sea at Seacrest (87SEA) - 87 Seacrest Drive,0.1. B2B Departure Cleaning,0.0,524.0,96991277,Finished,,524.0
Cleaning by Castro LLC,HK - Cleaning by Castro,06/01/2025,Ocean (41ELYSEE) - 41 Elysee Ct,0.2. Non B2B Departure Cleaning,,598.0,96991424,Finished,,598.0
Cleaning by Castro LLC,HK - Cleaning by Castro,06/01/2025,Sea4Ever (SEA4EVER) - 2907 E County Highway 30A,0.1. B2B Departure Cleaning,0.0,490.0,96991262,Finished,,490.0
Cleaning by Castro LLC,HK - Cleaning by Castro,06/01/2025,Riders in the Sun (RIDERS) - 422 Eastern Lake Rd,0.2. Non B2B Departure Cleaning,,380.0,96991199,Finished,,380.0
Cleaning by Castro LLC,HK - Cleaning by Castro,06/01/2025,LegaSea on 30A (10TRIGGR) - 10 Trigger Trail E,0.1. B2B Departure Cleaning,0.0,276.0,96870789,Finished,,276.0
Cleaning by Castro LLC,HK - Shore Cleans,06/01/2025,Latitude Adjustment (70TRIGGR) - 70 E Trigger Trail,0.1. B2B Departure Cleaning,0.0,350.0,97168305,Finished,,350.0
Cleaning by Castro LLC,HK - Cleaning by Castro,06/01/2025,Sandy Boardwalk (54SEASHR) - 54 Seashore Circle,0.1. B2B Departure Cleaning,0.0,500.0,96991344,Finished,,500.0
