Assignees,Group,Completed date,Property,Task title,Total cost,Rate paid,Task ID,Status,Task tags,Amount due
Cleaning by Castro LLC,HK - Cleaning by Castro,05/19/2025,Ocean (41ELYSEE) - 41 Elysee Ct,0.2. Non B2B Departure Cleaning (Paid 5/23),,598.0,95345931,Finished,,598.0
Cleaning by Castro LLC,HK - Cleaning by Castro,05/19/2025,Bikinis and Martinis (BIKINIS) - 26 Sea Walk Circle,0.2. Non B2B Departure Cleaning (Paid 5/23),0.0,300.0,96059261,Finished,,300.0
Cleaning by Castro LLC,HK - Cleaning by Castro,05/19/2025,Gone Coastal (157SEA) - 157 Seacrest Drive,0.2. Non B2B Departure Cleaning (Paid 5/23),,524.0,95345888,Finished,,524.0
Cleaning by Castro LLC,HK - Cleaning by Castro,05/19/2025,Sea4Ever (SEA4EVER) - 2907 E County Highway 30A,0.1. B2B Departure Cleaning,0.0,490.0,95465280,Finished,RES-48919,490.0
Cleaning by Castro LLC,HK - Cleaning by Castro,05/20/2025,28 Dalton Drive (28DALTON) - 28 Dalton Drive,0.2. Non B2B Departure Cleaning,,250.0,95345000,Finished,RES-49639,250.0
Cleaning by Castro LLC,HK - Cleaning by Castro,05/20/2025,"Always Beachy on 30A (SRVA401) - 4451 W County Hwy 30A, A-401",0.2. Non B2B Departure Cleaning,0.0,182.0,97538440,Finished,RES-49926,182.0
Cleaning by Castro LLC,HK - Cleaning by Castro,05/21/2025,Vitamin Sea at Seacrest (87SEA) - 87 Seacrest Drive,0.2. Non B2B Departure Cleaning,0.0,524.0,95702740,Finished,RES-48643,524.0
Cleaning by Castro LLC,HK - Cleaning by Castro,05/21/2025,Riders in the Sun (RIDERS) - 422 Eastern Lake Rd,0.2. Non B2B Departure Cleaning,,380.0,95702658,Finished,RES-47911,380.0
Cleaning by Castro LLC,HK - Cleaning by Castro,05/24/2025,Sandy Boardwalk (54SEASHR) - 54 Seashore Circle,0.1. B2B Departure Cleaning,0.0,500.0,97407904,Finished,RES-49902,500.0
Cleaning by Castro LLC,HK - Cleaning by Castro,05/24/2025,WaterCastle (WCASTLE) - 115 Mystic Cobalt Street,0.1. B2B Departure Cleaning,,385.0,96015049,Finished,RES-45635,385.0
Cleaning by Castro LLC,HK - Cleaning by Castro,05/24/2025,30A Mojo (2669E30A) - 2669 East County Highway 30A,0.1. B2B Departure Cleaning,0.0,360.0,96014365,Finished,RES-46967,360.0
Cleaning by Castro LLC,HK - Cleaning by Castro,05/24/2025,Sea4Ever (SEA4EVER) - 2907 E County Highway 30A,0.1. B2B Departure Cleaning,0.0,490.0,96015066,Finished,RES-48012,490.0
Cleaning by Castro LLC,HK - Cleaning by Castro,05/24/2025,Latitude Adjustment (70TRIGGR) - 70 E Trigger Trail,0.2. Non B2B Departure Cleaning,0.0,350.0,95876685,Finished,RES-48451,350.0
Cleaning by Castro LLC,HK - Cleaning by Castro,05/24/2025,Sunset Lounge (32SEAWLK) - 32 Sea Walk Circle,0.2. Non B2B Departure Cleaning,0.0,350.0,95925031,Finished,RES-47493,350.0
