Assignees,Group,Completed date,Property,Task title,Total cost,Rate paid,Task ID,Status,Task tags,Amount due
Clint  Wilson,HK - Quality & Quantity,05/12/2025,Salt & Light (108LGVUE) - 108 Longue Vue Drive,Guest B2B Arrival - SoWal Window Cleaning,,,94700417,Finished,SoWal Window Cleaning,0.0
Clint  Wilson,HK - Housekeepers NWF,05/12/2025,Forever Grateful (FOREVER) - 4525 West County Highway 30A,Guest B2B Arrival - SoWal Window Cleaning,,,95606672,Finished,SoWal Window Cleaning,0.0
Clint  Wilson,HK - Quality & Quantity,05/15/2025,Salt & Light (108LGVUE) - 108 Longue Vue Drive,Guest B2B Arrival - SoWal Window Cleaning,,,95056887,Finished,SoWal Window Cleaning,0.0
Clint  Wilson,HK - Housekeepers NWF,05/17/2025,Forever Grateful (FOREVER) - 4525 West County Highway 30A,Guest Arrival - SoWal Window Cleaning,,,96962263,Finished,SoWal Window Cleaning,0.0
Clint  Wilson,HK - Quality & Quantity,05/18/2025,Salt & Light (108LGVUE) - 108 Longue Vue Drive,Guest B2B Arrival - SoWal Window Cleaning,,,95345996,Finished,SoWal Window Cleaning,0.0
