Assignees,Group,Completed date,Property,Task title,Total cost,Rate paid,Task ID,Status,Reservation ID,Task tags,Amount due
Coconut Cleaning Pro,HK - Coconut Cleaning Pros,07/15/2025,"WaterColor 5 Beachside (WCOLOR5) - 1848 Co Hwy 30A E, Unit 5",0.2. Non B2B Departure Cleaning,0.0,212.0,102761361,Finished,RES-49800,,212.0
Coconut Cleaning Pro,HK - Coconut Cleaning Pros,07/16/2025,Skip to the Dunes (SKIPDUNE) - 283 Morgans Trail,Mid-Stay (Owner or Guest) - Tidy Clean - (7/16/25),,125.0,105525528,Finished,,Mid-Stay Clean,125.0
Coconut Cleaning Pro,HK - Coconut Cleaning Pros,07/19/2025,"Seagrove Serenity (4545B402) - 4545 E County Highway 30A, Unit B402",0.1. B2B Departure Cleaning,,219.0,105896831,Finished,RES-50497,,219.0
Coconut Cleaning Pro,HK - Coconut Cleaning Pros,07/19/2025,136 Silver Laurel (136SLVR) - 136 Silver Laurel Way,0.1. B2B Departure Cleaning,0.0,270.0,105985447,Finished,RES-49834,,270.0
Coconut Cleaning Pro,HK - Coconut Cleaning Pros,07/19/2025,Sea La Vie (SEALAVIE) - 25 Beach Walk Lane,0.1. B2B Departure Cleaning,0.0,290.0,103276407,Finished,RES-47907,,290.0
Coconut Cleaning Pro,HK - Coconut Cleaning Pros,07/19/2025,B-Side Seaside (32HICKRY) - 32 Hickory Street,0.1. B2B Departure Cleaning,0.0,245.0,103276535,Finished,RES-49546,,245.0
Coconut Cleaning Pro,HK - Coconut Cleaning Pros,07/19/2025,Shear Elegance (SHEAR) - 337 Blue Mountain Road,0.1. B2B Departure Cleaning,0.0,413.0,103276495,Finished,RES-47865,,413.0
Coconut Cleaning Pro,HK - Coconut Cleaning Pros,07/19/2025,Summer Breeze (6312W30A) - 6312 W County Highway 30A,0.1. B2B Departure Cleaning,0.0,357.0,103276619,Finished,RES-48671,,357.0
Coconut Cleaning Pro,HK - Coconut Cleaning Pros,07/20/2025,"WaterColor 5 Beachside (WCOLOR5) - 1848 Co Hwy 30A E, Unit 5",0.2. Non B2B Departure Cleaning,0.0,212.0,103335645,Finished,RES-49727,,212.0
