Assignees,Group,Completed date,Property,Task title,Total cost,Rate paid,Task ID,Status,Task tags,Amount due
Coconut Cleaning Pro,HK - Coconut Cleaning Pros,05/23/2025,Sea La Vie (SEALAVIE) - 25 Beach Walk Lane,0.1. B2B Departure Cleaning,0.0,290.0,95924651,Finished,RES-49411,290.0
Coconut Cleaning Pro,HK - Coconut Cleaning Pros,05/23/2025,136 Silver Laurel (136SLVR) - 136 Silver Laurel Way,0.1. B2B Departure Cleaning,0.0,270.0,97287869,Finished,RES-47970,270.0
Coconut Cleaning Pro,HK - Coconut Cleaning Pros,05/24/2025,Shear Elegance (SHEAR) - 337 Blue Mountain Road,0.1. B2B Departure Cleaning,0.0,413.0,96014872,Finished,RES-48989,413.0
Coconut Cleaning Pro,HK - Coconut Cleaning Pros,05/25/2025,"WaterColor 5 Beachside (WCOLOR5) - 1848 Co Hwy 30A E, Unit 5",0.1. B2B Departure Cleaning,0.0,212.0,98396326,Finished,RES-46162,212.0
