Assignees,Group,Completed date,Property,Task title,Total cost,Rate paid,Task ID,Status,Task tags,Amount due
Coconut Cleaning Pro,HK - Coconut Cleaning Pros,05/12/2025,136 Silver Laurel (136SLVR) - 136 Silver Laurel Way,0.2. Non B2B Departure Cleaning,270.0,,94700369,Finished,RES-49452,270.0
Coconut Cleaning Pro,HK - Coconut Cleaning Pros,05/17/2025,"WaterColor 5 Beachside (WCOLOR5) - 1848 Co Hwy 30A E, Unit 5",0.1. B2B Departure Cleaning,0.0,212.0,95239586,Finished,RES-48053,212.0
Coconut Cleaning Pro,HK - Coconut Cleaning Pros,05/17/2025,Shear Elegance (SHEAR) - 337 Blue Mountain Road,0.1. B2B Departure Cleaning,0.0,413.0,95239562,Finished,RES-48235,413.0
Coconut Cleaning Pro,HK - Coconut Cleaning Pros,05/17/2025,Sea La Vie (SEALAVIE) - 25 Beach Walk Lane,0.1. B2B Departure Cleaning,0.0,290.0,95239531,Finished,RES-48112,290.0
Coconut Cleaning Pro,HK - Coconut Cleaning Pros,05/18/2025,B-Side Seaside (32HICKRY) - 32 Hickory Street,0.2. Non B2B Departure Cleaning,0.0,245.0,95284962,Finished,RES-48035,245.0
