Assignees,Group,Completed date,Property,Task title,Total cost,Rate paid,Task ID,Status,Reservation ID,Task tags,Amount due
Coconut Cleaning Pro,HK - Coconut Cleaning Pros,05/27/2025,Skip to the Dunes (SKIPDUNE) - 283 Morgans Trail,0.2. Non B2B Departure Cleaning,0.0,250.0,96255645,Finished,RES-49625,,250.0
Coconut Cleaning Pro,HK - Coconut Cleaning Pros,05/28/2025,B-Side Seaside (32HICKRY) - 32 Hickory Street,0.2. Non B2B Departure Cleaning,0.0,245.0,96389497,Finished,RES-49016,,245.0
Coconut Cleaning Pro,HK - Coconut Cleaning Pros,05/30/2025,Sea La Vie (SEALAVIE) - 25 Beach Walk Lane,0.1. B2B Departure Cleaning,0.0,290.0,96780585,Finished,RES-47588,,290.0
Coconut Cleaning Pro,HK - Coconut Cleaning Pros,05/31/2025,Shear Elegance (SHEAR) - 337 Blue Mountain Road,0.1. B2B Departure Cleaning,0.0,413.0,96991086,Finished,RES-47361,,413.0
Coconut Cleaning Pro,HK - Coconut Cleaning Pros,05/31/2025,136 Silver Laurel (136SLVR) - 136 Silver Laurel Way,0.2. Non B2B Departure Cleaning,0.0,270.0,96822231,Finished,RES-48301,,270.0
Coconut Cleaning Pro,HK - Coconut Cleaning Pros,05/31/2025,Summer Breeze (6312W30A) - 6312 W County Highway 30A,0.1. B2B Departure Cleaning,0.0,357.0,96991272,Finished,RES-47469,,357.0
Coconut Cleaning Pro,HK - Coconut Cleaning Pros,06/01/2025,"Seagrove Serenity (4545B402) - 4545 E County Highway 30A, Unit B402",0.2. Non B2B Departure Cleaning,,219.0,96870778,Finished,RES-49063,,219.0
Coconut Cleaning Pro,HK - Coconut Cleaning Pros,06/01/2025,"WaterColor 5 Beachside (WCOLOR5) - 1848 Co Hwy 30A E, Unit 5",0.1. B2B Departure Cleaning,0.0,212.0,96991105,Finished,RES-48041,,212.0
