Assignees,Group,Completed date,Property,Task title,Total cost,Rate paid,Task ID,Status,Task tags,Amount due
Gregorio & Maria Raymundo  Roofing & Housekeeping On The Coast LLC,HK - HK on the Coast,05/23/2025,Crossings at Water Sound B105 (CRB105) - 337 Bridge Lane,0.1. B2B Departure Cleaning (Owner Partial Clean),0.0,131.5,96015004,Finished,RES-49230,131.5
Gregorio & Maria Raymundo  Roofing & Housekeeping On The Coast LLC,HK - HK on the Coast,05/24/2025,Modern Magnolia of Grayton (MAGNOL) - 138 Magnolia Street,0.1. B2B Departure Cleaning,0.0,260.0,97486062,Finished,RES-45946,260.0
Gregorio & Maria Raymundo  Roofing & Housekeeping On The Coast LLC,HK - HK on the Coast,05/24/2025,Sea-Rest (131CLAR) - 131 Clareon Drive,0.1. B2B Departure Cleaning,0.0,261.0,96015120,Finished,RES-47710,261.0
Gregorio & Maria Raymundo  Roofing & Housekeeping On The Coast LLC,HK - HK on the Coast,05/24/2025,The Golden Pearl (CRB103) - 337 Bridge Ln S 103B,0.1. B2B Departure Cleaning,0.0,241.0,96015237,Finished,RES-48215,241.0
Gregorio & Maria Raymundo  Roofing & Housekeeping On The Coast LLC,HK - HK on the Coast,05/25/2025,110 Surfer Lane (110SURF) - 110 Surfer Lane,0.1. B2B Departure Cleaning,0.0,300.0,96131841,Finished,RES-49553,300.0
