Assignees,Group,Completed date,Property,Task title,Total cost,Rate paid,Task ID,Status,Task tags,Amount due
Gregorio & Maria Raymundo  Roofing & Housekeeping On The Coast LLC,HK - HK on the Coast,05/30/2025,Crossings at Water Sound B105 (CRB105) - 337 Bridge Lane,0.2. Non B2B Departure Cleaning,0.0,263.0,96781168,Finished,,263.0
Gregorio & Maria Raymundo  Roofing & Housekeeping On The Coast LLC,HK - HK on the Coast,05/31/2025,The Golden Pearl (CRB103) - 337 Bridge Ln S 103B,0.1. B2B Departure Cleaning,0.0,241.0,96991442,Finished,,241.0
Gregorio & Maria Raymundo  Roofing & Housekeeping On The Coast LLC,HK - HK on the Coast,05/31/2025,Sea-Rest (131CLAR) - 131 Clareon Drive,0.1. B2B Departure Cleaning,0.0,261.0,97489773,Finished,,261.0
Gregorio & Maria Raymundo  Roofing & Housekeeping On The Coast LLC,HK - HK on the Coast,05/31/2025,Modern Magnolia of Grayton (MAGNOL) - 138 Magnolia Street,0.1. B2B Departure Cleaning,0.0,260.0,97486065,Finished,,260.0
Gregorio & Maria Raymundo  Roofing & Housekeeping On The Coast LLC,HK - HK on the Coast,05/31/2025,110 Surfer Lane (110SURF) - 110 Surfer Lane,0.2. Non B2B Departure Cleaning,0.0,300.0,96911999,Finished,,300.0
