Assignees,Group,Completed date,Property,Task title,Total cost,Rate paid,Task ID,Status,Reservation ID,Task tags,Amount due
Gregorio & Maria Raymundo  Roofing & Housekeeping On The Coast LLC,HK - HK on the Coast,07/19/2025,The Golden Pearl (CRB103) - 337 Bridge Ln S 103B,0.1. B2B Departure Cleaning,0.0,241.0,105264425,Finished,RES-49524,,241.0
Gregorio & Maria Raymundo  Roofing & Housekeeping On The Coast LLC,HK - HK on the Coast,07/19/2025,Modern Magnolia of Grayton (MAGNOL) - 138 Magnolia Street,0.1. B2B Departure Cleaning,0.0,260.0,103276536,Finished,RES-49232,,260.0
Gregorio & Maria Raymundo  Roofing & Housekeeping On The Coast LLC,HK - HK on the Coast,07/19/2025,110 Surfer Lane (110SURF) - 110 Surfer Lane,0.1. B2B Departure Cleaning,0.0,300.0,103276522,Finished,RES-49702,,300.0
Gregorio & Maria Raymundo  Roofing & Housekeeping On The Coast LLC,HK - HK on the Coast,07/19/2025,Crossings at Water Sound B105 (CRB105) - 337 Bridge Lane,0.1. B2B Departure Cleaning,0.0,263.0,103276599,Finished,RES-49298,,263.0
Gregorio & Maria Raymundo  Roofing & Housekeeping On The Coast LLC,HK - HK on the Coast,07/19/2025,Sea-Rest (131CLAR) - 131 Clareon Drive,0.1. B2B Departure Cleaning,0.0,261.0,103276609,Finished,RES-47829,,261.0
