Assignees,Group,Completed date,Property,Task title,Total cost,Rate paid,Task ID,Status,Reservation ID,Task tags,Amount due
Leidy Lopez,HK - Leidy Lopez,05/27/2025,172 A Street (172AST) - 172 A Street,0.2. Non B2B Departure Cleaning,0.0,512.0,97658613,Finished,RES-49935,,512.0
Leidy Lopez,HK - Leidy Lopez,05/28/2025,Grayton Dream (GRYDREAM) - 284 Garfield Street,0.2. Non B2B Departure Cleaning,0.0,470.0,96389218,Finished,RES-49384,,470.0
Leidy Lopez,HK - Leidy Lopez,05/30/2025,All Decked Out (47COBIA) - 47 Cobia Run W,0.2. Non B2B Departure Cleaning,0.0,277.0,96674802,Finished,RES-48911,,277.0
Leidy Lopez,HK - Leidy Lopez,05/31/2025,217 Gulf Bridge Lane (217GULFB) - 217 Gulf Bridge Lane,0.1. B2B Departure Cleaning,0.0,279.0,96991399,Finished,RES-47415,,279.0
Leidy Lopez,HK - Leidy Lopez,05/31/2025,Paradise Found (PARAFND) - 110 Tumblehome Way,0.2. Non B2B Departure Cleaning,0.0,300.0,96991456,Finished,RES-48233,,300.0
Leidy Lopez,HK - Leidy Lopez,05/31/2025,Bungalow 8 (8SWATCH) - 8 South Watch Tower Lane,0.1. B2B Departure Cleaning,0.0,300.0,96991536,Finished,RES-48879,,300.0
Leidy Lopez,HK - Leidy Lopez,05/31/2025,Kevin's Heaven (KHEAVEN) - 268 Garfield Street,0.1. B2B Departure Cleaning,0.0,300.0,98130733,Finished,RES-49878,,300.0
Leidy Lopez,HK - Leidy Lopez,05/31/2025,13 Madaket Way (13MADAKE) - 13 Madaket Way,0.1. B2B Departure Cleaning,0.0,428.0,96912157,Finished,RES-45909,,428.0
Leidy Lopez,HK - Leidy Lopez,05/31/2025,B402 Sunset Beach Villa (B402SUN) - 10140 East County Highway 30A,0.1. B2B Departure Cleaning,0.0,190.0,96991084,Finished,RES-47300,,190.0
Leidy Lopez,HK - Leidy Lopez,05/31/2025,Ashore Thing (ASHORE) - 8200 East County Highway 30A,0.1. B2B Departure Cleaning,0.0,240.0,96870843,Finished,RES-48924,,240.0
Leidy Lopez,HK - Leidy Lopez,05/31/2025,After Dune Delight (AFTER) - 215 Garfield Street,0.1. B2B Departure Cleaning,0.0,425.0,96870826,Finished,RES-47135,,425.0
Leidy Lopez,HK - Leidy Lopez,05/31/2025,Caribbean Breeze (34CLAREO) - 34 Clareon Drive,0.2. Non B2B Departure Cleaning,0.0,400.0,96991187,Finished,RES-47743,,400.0
Leidy Lopez,HK - Leidy Lopez,05/31/2025,"Dunesider Dream (CP108) - 37 Compass Point Way, #108",0.2. Non B2B Departure Cleaning,0.0,228.0,96991295,Finished,RES-45916,,228.0
Leidy Lopez,HK - Leidy Lopez,05/31/2025,"Compass Point I, Unit 204 (CP204) - 99 Compass Point Way, Unit 204",0.2. Non B2B Departure Cleaning,0.0,160.0,96781160,Finished,RES-49391,,160.0
