Assignees,Group,Completed date,Property,Task title,Total cost,Rate paid,Task ID,Status,Task tags,Amount
Leidy Lopez,HK - Leidy Lopez,2025-05-18,Ashore Thing (ASHORE) - 8200 East County Highway 30A,0.2. Non B2B Departure Cleaning,0.0,240.0,95153111,Finished,RES-48866,240.0
Leidy Lopez,HK - Leidy Lopez,2025-05-18,Grayton Dream (GRYDREAM) - 284 Garfield Street,0.2. Non B2B Departure Cleaning - 1 PM Late Checkout,470.0,,94700296,Finished,RES-48379,470.0
Leidy Lopez,HK - Leidy Lopez,2025-05-18,Kevin's Heaven (KHEAVEN) - 268 Garfield Street,0.2. Non B2B Departure Cleaning,0.0,300.0,95153055,Finished,RES-48672,300.0
Leidy Lopez,HK - Leidy Lopez,2025-05-18,172 A Street (172AST) - 172 A Street,0.1. B2B Departure Cleaning,0.0,512.0,95239600,Finished,RES-47370,512.0
Leidy Lopez,HK - Leidy Lopez,2025-05-18,"Dunesider Dream (CP108) - 37 Compass Point Way, #108",0.2. Non B2B Departure Cleaning,0.0,228.0,95056809,Finished,RES-49614,228.0
Leidy Lopez,HK - Leidy Lopez,2025-05-18,All Decked Out (47COBIA) - 47 Cobia Run W,0.1. B2B Departure Cleaning,0.0,277.0,95239626,Finished,RES-46225,277.0
Leidy Lopez,HK - Leidy Lopez,2025-05-18,217 Gulf Bridge Lane (217GULFB) - 217 Gulf Bridge Lane,0.2. Non B2B Departure Cleaning,0.0,279.0,95431124,Finished,RES-49536,279.0
Leidy Lopez,HK - Leidy Lopez,2025-05-18,After Dune Delight (AFTER) - 215 Garfield Street,0.1. B2B Departure Cleaning,0.0,425.0,95239521,Finished,RES-47590,425.0
Leidy Lopez,HK - Leidy Lopez,2025-05-18,B402 Sunset Beach Villa (B402SUN) - 10140 East County Highway 30A,0.1. B2B Departure Cleaning,0.0,190.0,95712988,Finished,RES-49723,190.0
