Assignees,Group,Completed date,Property,Task title,Total cost,Rate paid,Task ID,Status,Reservation ID,Task tags,Amount due
Leidy Lopez,HK - Leidy Lopez,07/14/2025,All Decked Out (47COBIA) - 47 Cobia Run W,0.2. Non B2B Departure Cleaning,0.0,277.0,102481224,Finished,RES-48724,,277.0
Leidy Lopez,HK - Leidy Lopez,07/17/2025,Ashore Thing (ASHORE) - 8200 East County Highway 30A,0.2. Non B2B Departure Cleaning,0.0,240.0,103035416,Finished,RES-49955,,240.0
Leidy Lopez,HK - Leidy Lopez,07/18/2025,All Decked Out (47COBIA) - 47 Cobia Run W,0.1. B2B Departure Cleaning,0.0,277.0,103162792,Finished,RES-49748,,277.0
Leidy Lopez,HK - Leidy Lopez,07/19/2025,After Dune Delight (AFTER) - 215 Garfield Street,0.1. B2B Departure Cleaning,0.0,425.0,103276358,Finished,RES-47846,,425.0
Leidy Lopez,HK - Leidy Lopez,07/19/2025,B402 Sunset Beach Villa (B402SUN) - 10140 East County Highway 30A,0.1. B2B Departure Cleaning,0.0,190.0,103276394,Finished,RES-47883,,190.0
Leidy Lopez,HK - Housekeepers NWF,07/19/2025,Hidden Cypress (HIDDEN) - 115 Cypress Grove Lane,0.1. B2B Departure Cleaning,0.0,300.0,103217361,Finished,RES-50109,,300.0
Leidy Lopez,HK - Leidy Lopez,07/19/2025,172 A Street (172AST) - 172 A Street,0.1. B2B Departure Cleaning,0.0,512.0,103217395,Finished,RES-49412,,512.0
Leidy Lopez,HK - Leidy Lopez,07/19/2025,"Compass Point I, Unit 204 (CP204) - 99 Compass Point Way, Unit 204",0.1. B2B Departure Cleaning,0.0,160.0,103276587,Finished,RES-49563,,160.0
Leidy Lopez,HK - Leidy Lopez,07/19/2025,217 Gulf Bridge Lane (217GULFB) - 217 Gulf Bridge Lane,0.1. B2B Departure Cleaning,0.0,279.0,103276574,Finished,RES-48517,,279.0
Leidy Lopez,HK - Leidy Lopez,07/19/2025,Caribbean Breeze (34CLAREO) - 34 Clareon Drive,0.2. Non B2B Departure Cleaning,0.0,400.0,103276515,Finished,RES-46712,,400.0
Leidy Lopez,HK - Leidy Lopez,07/19/2025,Kevin's Heaven (KHEAVEN) - 268 Garfield Street,0.2. Non B2B Departure Cleaning,0.0,300.0,103276468,Finished,RES-49736,,300.0
Leidy Lopez,HK - Leidy Lopez,07/19/2025,Bungalow 8 (8SWATCH) - 8 South Watch Tower Lane,0.1. B2B Departure Cleaning,0.0,300.0,103276708,Finished,RES-48739,,300.0
Leidy Lopez,HK - Leidy Lopez,07/19/2025,Paradise Found (PARAFND) - 110 Tumblehome Way,0.1. B2B Departure Cleaning,0.0,300.0,103276664,Finished,RES-50005,,300.0
Leidy Lopez,HK - Leidy Lopez,07/19/2025,Grayton Dream (GRYDREAM) - 284 Garfield Street,cleaning what was missed from 7/12 clean but  people have been in and out.,,100.0,106047714,Finished,,,100.0
