Assignees,Group,Completed date,Property,Task title,Total cost,Rate paid,Task ID,Status,Task tags,Amount due
Leidy Lopez,HK - Leidy Lopez,05/19/2025,The Shell (THESHELL) - 31 Wakulla Lane,0.2. Non B2B Departure Cleaning,0.0,475.0,95465315,Finished,RES-47444,475.0
Leidy Lopez,HK - Leidy Lopez,05/24/2025,172 A Street (172AST) - 172 A Street,0.1. B2B Departure Cleaning,0.0,512.0,97658605,Finished,RES-46948,512.0
Leidy Lopez,HK - Leidy Lopez,05/24/2025,217 Gulf Bridge Lane (217GULFB) - 217 Gulf Bridge Lane,0.1. B2B Departure Cleaning,0.0,279.0,96015241,Finished,RES-48266,279.0
Leidy Lopez,HK - Leidy Lopez,05/24/2025,All Decked Out (47COBIA) - 47 Cobia Run W,0.1. B2B Departure Cleaning,0.0,277.0,96015125,Finished,RES-46660,277.0
Leidy Lopez,HK - Leidy Lopez,05/24/2025,"Dunesider Dream (CP108) - 37 Compass Point Way, #108",0.1. B2B Departure Cleaning,0.0,228.0,96015105,Finished,RES-48914,228.0
Leidy Lopez,HK - Leidy Lopez,05/24/2025,After Dune Delight (AFTER) - 215 Garfield Street,0.1. B2B Departure Cleaning,0.0,425.0,96014405,Finished,RES-47861,425.0
Leidy Lopez,HK - Leidy Lopez,05/24/2025,Ashore Thing (ASHORE) - 8200 East County Highway 30A,0.1. B2B Departure Cleaning,0.0,240.0,96014355,Finished,RES-46211,240.0
Leidy Lopez,HK - Leidy Lopez,05/24/2025,B402 Sunset Beach Villa (B402SUN) - 10140 East County Highway 30A,0.2. Non B2B Departure Cleaning,0.0,190.0,95702493,Finished,RES-47472,190.0
Leidy Lopez,HK - Leidy Lopez,05/24/2025,Caribbean Breeze (34CLAREO) - 34 Clareon Drive,0.2. Non B2B Departure Cleaning,0.0,400.0,95924895,Finished,RES-45967,400.0
Leidy Lopez,HK - Leidy Lopez,05/24/2025,Bungalow 8 (8SWATCH) - 8 South Watch Tower Lane,0.2. Non B2B Departure Cleaning,0.0,300.0,95925000,Finished,RES-49195,300.0
Leidy Lopez,HK - Leidy Lopez,05/24/2025,Kevin's Heaven (KHEAVEN) - 268 Garfield Street,0.2. Non B2B Departure Cleaning,0.0,300.0,96014348,Finished,RES-48366,300.0
Leidy Lopez,HK - Leidy Lopez,05/25/2025,"Compass Point I, Unit 204 (CP204) - 99 Compass Point Way, Unit 204",0.1. B2B Departure Cleaning,0.0,160.0,96973984,Finished,RES-47541,160.0
