Assignees,Group,Completed date,Property,Task title,Total cost,Rate paid,Task ID,Status,Reservation ID,Task tags,Amount due
Marinelle Nelson,HK - Prestige Cleaning,07/15/2025,Sunrise Dream (151SEAWD) - 151 Seaward Drive,0.2. Non B2B Departure Cleaning,,400.0,105311678,Finished,RES-48870,,400.0
Marinelle Nelson,HK - Prestige Cleaning,07/16/2025,Mercado at Rosemary 4A (ROSEM4A) - 82 Barrett Square S 4A,0.1. B2B Departure Cleaning,0.0,165.0,102896103,Finished,RES-49726,,165.0
Marinelle Nelson,HK - Prestige Cleaning,07/17/2025,244 Spartina Circle at Camp WaterColor (244SPAR) - 244 Spartina Circle,0.2. Non B2B Departure Cleaning,0.0,300.0,102896121,Finished,RES-50172,,300.0
Marinelle Nelson,HK - Prestige Cleaning,07/18/2025,Sugar Magnolia (120MAG) - 120 Magnolia Street,0.1. B2B Departure Cleaning,0.0,346.0,103162816,Finished,RES-50310,,346.0
Marinelle Nelson,HK - Prestige Cleaning,07/18/2025,Daydreams By The Sea (DAYDREAM) - 233 Geoff Wilder Lane,0.1. B2B Departure Cleaning,0.0,214.0,103276448,Finished,RES-47253,,214.0
Marinelle Nelson,HK - Prestige Cleaning,07/19/2025,My Blue Heaven (MYBLUE) - 241 Geoff Wilder Lane,0.1. B2B Departure Cleaning,0.0,315.0,103276391,Finished,RES-49486,,315.0
Marinelle Nelson,HK - Prestige Cleaning,07/19/2025,Isle of View (246GEOFF) - 246 Geoff Wilder Lane,0.1. B2B Departure Cleaning,,350.0,103276157,Finished,RES-49424,,350.0
Marinelle Nelson,HK - Prestige Cleaning,07/19/2025,Carillon Beach- The White House (CWHITE) - 376 Beachside Drive,0.1. B2B Departure Cleaning,0.0,232.0,103276589,Finished,RES-48631,,232.0
Marinelle Nelson,HK - Prestige Cleaning,07/19/2025,Mercado at Rosemary 4A (ROSEM4A) - 82 Barrett Square S 4A,0.1. B2B Departure Cleaning,0.0,165.0,103276579,Finished,RES-50178,,165.0
Marinelle Nelson,HK - Housekeepers NWF,07/19/2025,Edge of the Sea (124GEOFF) - 124 Geoff Wilder Lane,0.1. B2B Departure Cleaning,0.0,260.0,103276577,Finished,RES-49923,,260.0
Marinelle Nelson,HK - Prestige Cleaning,07/19/2025,Brown Eyed Girl (BRNEYED) - 60 Shannon Drive,0.1. B2B Departure Cleaning,0.0,330.0,103276557,Finished,RES-48558,,330.0
Marinelle Nelson,HK - Prestige Cleaning,07/19/2025,Om Sweet Om (21HIKER) - 21 Hiker St,0.1. B2B Departure Cleaning,0.0,204.0,103276598,Finished,RES-49832,,204.0
Marinelle Nelson,HK - Prestige Cleaning,07/19/2025,239 Pelican Circle (239PELCN) - 239 Pelican Circle,0.1. B2B Departure Cleaning,0.0,551.0,103276692,Finished,RES-47342,,551.0
Marinelle Nelson,HK - Prestige Cleaning,07/19/2025,Sunsational (51ANDALU) - 51 S Andalusia Avenue,0.1. B2B Departure Cleaning,0.0,500.0,103276675,Finished,RES-49270,,500.0
Marinelle Nelson,HK - Prestige Cleaning,07/19/2025,105 Pelican Circle (105PELCN) - 105 Pelican Circle,0.1. B2B Departure Cleaning,0.0,211.0,103276671,Finished,RES-48612,,211.0
Marinelle Nelson,HK - Prestige Cleaning,07/20/2025,48 Geoff Wilder Lane (48GEOFF) - 48 Geoff Wilder Lane,0.2. Non B2B Departure Cleaning,0.0,267.0,103276663,Finished,RES-46573,,267.0
