Assignees,Group,Completed date,Property,Task title,Total cost,Rate paid,Task ID,Status,Task tags,Amount due
Marinelle Nelson,HK - Prestige Cleaning,05/12/2025,Mercado at Rosemary 4A (ROSEM4A) - 82 Barrett Square S 4A,0.2. Non B2B Departure Cleaning,165.0,,94700345,Finished,RES-48937,165.0
Marinelle Nelson,HK - Prestige Cleaning,05/15/2025,Brown Eyed Girl (BRNEYED) - 60 Shannon Drive,0.2. Non B2B Departure Cleaning,0.0,330.0,96148171,Finished,RES-49779,330.0
Marinelle Nelson,HK - Prestige Cleaning,05/15/2025,Wave N' Sea (66GEOFF) - 66 Geoff Wilder Lane,0.2. Non B2B Departure Cleaning,,200.0,95056805,Finished,RES-48868,200.0
Marinelle Nelson,HK - Prestige Cleaning,05/17/2025,Sunsational (51ANDALU) - 51 S Andalusia Avenue,0.1. B2B Departure Cleaning,0.0,500.0,96567923,Finished,RES-45867,500.0
Marinelle Nelson,HK - Prestige Cleaning,05/17/2025,239 Pelican Circle (239PELCN) - 239 Pelican Circle,0.2. Non B2B Departure Cleaning,0.0,551.0,95193658,Finished,RES-47402,551.0
Marinelle Nelson,HK - Prestige Cleaning,05/17/2025,Daydreams By The Sea (DAYDREAM) - 233 Geoff Wilder Lane,0.2. Non B2B Departure Cleaning,0.0,214.0,95239559,Finished,RES-48155,214.0
Marinelle Nelson,HK - Prestige Cleaning,05/17/2025,Carillon Beach- The White House (CWHITE) - 376 Beachside Drive,0.1. B2B Departure Cleaning,0.0,232.0,95239610,Finished,RES-47464,232.0
Marinelle Nelson,HK - Prestige Cleaning,05/17/2025,Sugar Magnolia (120MAG) - 120 Magnolia Street,0.2. Non B2B Departure Cleaning,0.0,346.0,95239644,Finished,RES-49074,346.0
Marinelle Nelson,HK - Prestige Cleaning,05/17/2025,Sip n' Sea (SIPNSEA) - 33 Seacrest Beach Boulevard,0.1. B2B Departure Cleaning,0.0,260.0,95239568,Finished,RES-47818,260.0
Marinelle Nelson,HK - Prestige Cleaning,05/17/2025,My Blue Heaven (MYBLUE) - 241 Geoff Wilder Lane,0.2. Non B2B Departure Cleaning,0.0,315.0,94700317,Finished,RES-48355,315.0
Marinelle Nelson,HK - Prestige Cleaning,05/18/2025,Isle of View (246GEOFF) - 246 Geoff Wilder Lane,0.2. Non B2B Departure Cleaning,,350.0,95344989,Finished,RES-47976,350.0
Marinelle Nelson,HK - Prestige Cleaning,05/18/2025,48 Geoff Wilder Lane (48GEOFF) - 48 Geoff Wilder Lane,0.2. Non B2B Departure Cleaning,0.0,267.0,95345970,Finished,RES-48744,267.0
Marinelle Nelson,HK - Prestige Cleaning,05/18/2025,105 Pelican Circle (105PELCN) - 105 Pelican Circle,0.1. B2B Departure Cleaning,0.0,211.0,95345991,Finished,RES-49461,211.0
