Assignees,Group,Completed date,Property,Task title,Total cost,Rate paid,Task ID,Status,Task tags,Amount due
Maria Da Silva,HK - Veterans Cleaning,05/14/2025,Barefoot Daze (BAREFOOT) - 75 Geoff Wilder Lane,0.1. B2B Departure Cleaning (Paid 5/16),250.0,,94406001,Approved,,250.0
Maria Da Silva,HK - Veterans Cleaning,05/15/2025,Barefoot Daze (BAREFOOT) - 75 Geoff Wilder Lane,0.1. B2B Departure Cleaning,250.0,,96709557,Finished,RES-48798,250.0
Maria Da Silva,HK - Veterans Cleaning,05/15/2025,Pool's Paradise (POOLSPAR) - 116 Seacrest Beach Boulevard East,0.1. B2B Departure Cleaning,290.0,,96296701,Finished,RES-49798,290.0
Maria Da Silva,HK - Veterans Cleaning,05/15/2025,143 Forest Street (143FORES) - 143 Forest Street,Tidy Clean (5/14/25),140.0,,97244740,Finished,Needs Approval (HK INV),140.0
Maria Da Silva,HK - Veterans Cleaning,05/15/2025,15 Mathis Cove (15MATHIS) - 15 Mathis Cove,0.1. B2B Departure Cleaning,254.0,,95183250,Finished,RES-49654,254.0
Maria Da Silva,HK - Veterans Cleaning,05/15/2025,Blue Sol (BLUSOL) - 2846 South County Highway 395,0.2. Non B2B Departure Cleaning,286.0,,95260448,Finished,RES-49664,286.0
Maria Da Silva,HK - Veterans Cleaning,05/16/2025,The White House (WHITE) - 2635 East County Highway 30A,0.1. B2B Departure Cleaning,,281.0,96759407,Finished,RES-49828,281.0
