Assignees,Group,Completed date,Property,Task title,Total cost,Rate paid,Task ID,Status,Reservation ID,Task tags,Amount due
Maria Da Silva,HK - Veterans Cleaning,07/17/2025,30A Fade Away (84EASTRN) - 84 Eastern Lake Court,0.1. B2B Departure Cleaning,0.0,145.0,103035025,Finished,RES-49531,,145.0
Maria Da Silva,HK - Veterans Cleaning,07/17/2025,Southern Coastal (192ESEA) - 192 Seacrest Beach Blvd E,0.2. Non B2B Departure Cleaning,0.0,231.0,103035044,Finished,RES-49936,,231.0
Maria Da Silva,HK - Veterans Cleaning,07/17/2025,Blissful Beach (BLISSFUL) - 215 Barton's Way West,0.2. Non B2B Departure Cleaning,0.0,285.0,103035423,Finished,RES-49766,,285.0
Maria Da Silva,HK - Veterans Cleaning,07/18/2025,Pool's Paradise (POOLSPAR) - 116 Seacrest Beach Boulevard East,0.2. Non B2B Departure Cleaning,0.0,290.0,103162671,Finished,RES-50226,,290.0
Maria Da Silva,HK - Veterans Cleaning,07/19/2025,Sunny Day (SUNNY) - 50 Sugar Sand Lane,0.1. B2B Departure Cleaning,,232.0,103276362,Finished,RES-48959,,232.0
Maria Da Silva,HK - Veterans Cleaning,07/19/2025,Pura Vida (PURAVIDA) - 82 South Founders Lane,0.1. B2B Departure Cleaning,0.0,375.0,103276399,Finished,RES-46226,,375.0
Maria Da Silva,HK - Veterans Cleaning,07/19/2025,The White House (WHITE) - 2635 East County Highway 30A,0.1. B2B Departure Cleaning,,281.0,103276411,Finished,RES-49309,,281.0
Maria Da Silva,HK - Veterans Cleaning,07/19/2025,Blue Sol (BLUSOL) - 2846 South County Highway 395,0.1. B2B Departure Cleaning,0.0,286.0,103276469,Finished,RES-48921,,286.0
Maria Da Silva,HK - Veterans Cleaning,07/19/2025,143 Forest Street (143FORES) - 143 Forest Street,0.2. Non B2B Departure Cleaning - 1 PM Late Checkout,0.0,280.0,103276447,Finished,RES-48388,,280.0
Maria Da Silva,HK - Veterans Cleaning,07/19/2025,15 Mathis Cove (15MATHIS) - 15 Mathis Cove,0.1. B2B Departure Cleaning,0.0,254.0,103276680,Finished,RES-48381,,254.0
