Assignees,Group,Completed date,Property,Task title,Total cost,Rate paid,Task ID,Status,Reservation ID,Task tags,Amount due
Maria Da Silva,HK - Veterans Cleaning,05/26/2025,Sunny Day (SUNNY) - 50 Sugar Sand Lane,0.2. Non B2B Departure Cleaning,,232.0,96255325,Finished,RES-48618,RES-48618,232.0
Maria Da Silva,HK - Veterans Cleaning,05/26/2025,Pura Vida (PURAVIDA) - 82 South Founders Lane,0.2. Non B2B Departure Cleaning,0.0,375.0,95702501,Finished,RES-48813,RES-48813,375.0
Maria Da Silva,HK - Veterans Cleaning,05/26/2025,Blissful Beach (BLISSFUL) - 215 Barton's Way West,0.2. Non B2B Departure Cleaning,0.0,285.0,96556280,Finished,RES-49814,,285.0
Maria Da Silva,HK - Veterans Cleaning,05/26/2025,Pool's Paradise (POOLSPAR) - 116 Seacrest Beach Boulevard East,0.1. B2B Departure Cleaning,0.0,290.0,96255304,Finished,RES-49437,RES-49437,290.0
Maria Da Silva,HK - Veterans Cleaning,05/26/2025,The White House (WHITE) - 2635 East County Highway 30A,0.2. Non B2B Departure Cleaning,,281.0,96255539,Finished,RES-49697,,281.0
Maria Da Silva,HK - Veterans Cleaning,05/31/2025,15 Mathis Cove (15MATHIS) - 15 Mathis Cove,0.2. Non B2B Departure Cleaning,0.0,254.0,96991491,Finished,RES-45961,,254.0
Maria Da Silva,HK - Veterans Cleaning,05/31/2025,Barefoot Daze (BAREFOOT) - 75 Geoff Wilder Lane,0.1. B2B Departure Cleaning,0.0,250.0,98988184,Finished,RES-49715,,250.0
Maria Da Silva,HK - Veterans Cleaning,05/31/2025,143 Forest Street (143FORES) - 143 Forest Street,0.1. B2B Departure Cleaning,0.0,280.0,96991097,Finished,RES-48182,,280.0
Maria Da Silva,HK - Veterans Cleaning,05/31/2025,Southern Coastal (192ESEA) - 192 Seacrest Beach Blvd E,0.2. Non B2B Departure Cleaning,0.0,231.0,96870762,Finished,RES-49213,,231.0
Maria Da Silva,HK - Veterans Cleaning,05/31/2025,The White House (WHITE) - 2635 East County Highway 30A,0.1. B2B Departure Cleaning,,281.0,96899584,Finished,RES-49591,,281.0
Maria Da Silva,HK - Veterans Cleaning,05/31/2025,Pura Vida (PURAVIDA) - 82 South Founders Lane,0.1. B2B Departure Cleaning,0.0,375.0,96991146,Finished,RES-47159,,375.0
Maria Da Silva,HK - Veterans Cleaning,05/31/2025,Blue Sol (BLUSOL) - 2846 South County Highway 395,0.1. B2B Departure Cleaning,0.0,286.0,96991157,Finished,RES-47632,,286.0
Maria Da Silva,HK - Veterans Cleaning,06/01/2025,Pool's Paradise (POOLSPAR) - 116 Seacrest Beach Boulevard East,0.1. B2B Departure Cleaning,0.0,290.0,99275838,Finished,RES-49672,,290.0
Maria Da Silva,HK - Veterans Cleaning,06/01/2025,Blissful Beach (BLISSFUL) - 215 Barton's Way West,0.2. Non B2B Departure Cleaning,0.0,285.0,98144894,Finished,RES-49984,,285.0
