Assignees,Group,Completed date,Property,Task title,Total cost,Rate paid,Task ID,Status,Reservation ID,Task tags,Amount due
Marinelle Nelson,HK - Prestige Cleaning,05/26/2025,244 Spartina Circle at Camp WaterColor (244SPAR) - 244 Spartina Circle,0.2. Non B2B Departure Cleaning,0.0,300.0,98239278,Finished,RES-49991,,300.0
Marinelle Nelson,HK - Prestige Cleaning,05/27/2025,Sugar Magnolia (120MAG) - 120 Magnolia Street,0.2. Non B2B Departure Cleaning,0.0,346.0,96255624,Finished,RES-49693,,346.0
Marinelle Nelson,HK - Prestige Cleaning,05/31/2025,Sunsational (51ANDALU) - 51 S Andalusia Avenue,0.1. B2B Departure Cleaning,0.0,500.0,96991486,Finished,RES-47778,,500.0
Marinelle Nelson,HK - Prestige Cleaning,05/31/2025,105 Pelican Circle (105PELCN) - 105 Pelican Circle,0.1. B2B Departure Cleaning,0.0,211.0,96991528,Finished,RES-47385,,211.0
Marinelle Nelson,HK - Prestige Cleaning,05/31/2025,Wave N' Sea (66GEOFF) - 66 Geoff Wilder Lane,0.1. B2B Departure Cleaning,,200.0,96991364,Finished,RES-49403,,200.0
Marinelle Nelson,HK - Prestige Cleaning,05/31/2025,239 Pelican Circle (239PELCN) - 239 Pelican Circle,0.1. B2B Departure Cleaning,0.0,551.0,96914205,Finished,RES-46482,,551.0
Marinelle Nelson,HK - Prestige Cleaning,05/31/2025,My Blue Heaven (MYBLUE) - 241 Geoff Wilder Lane,0.1. B2B Departure Cleaning,0.0,315.0,96870821,Finished,RES-46156,,315.0
Marinelle Nelson,HK - Prestige Cleaning,05/31/2025,Over the Dune (OVERDUNE) - 19 Draper Lane,0.1. B2B Departure Cleaning,0.0,375.0,96991109,Finished,RES-47534,,375.0
Marinelle Nelson,HK - Prestige Cleaning,05/31/2025,Mercado at Rosemary 4A (ROSEM4A) - 82 Barrett Square S 4A,0.1. B2B Departure Cleaning,0.0,165.0,96991215,Finished,RES-48392,,165.0
Marinelle Nelson,HK - Prestige Cleaning,05/31/2025,Carillon Beach- The White House (CWHITE) - 376 Beachside Drive,0.1. B2B Partial Cleaning,0.0,116.0,96991265,Finished,RES-49477,,116.0
Marinelle Nelson,HK - Prestige Cleaning,05/31/2025,Om Sweet Om (21HIKER) - 21 Hiker St,0.2. Non B2B Departure Cleaning,0.0,204.0,96821969,Finished,RES-48963,,204.0
Marinelle Nelson,HK - Prestige Cleaning,05/31/2025,Daydreams By The Sea (DAYDREAM) - 233 Geoff Wilder Lane,0.1. B2B Departure Cleaning,0.0,214.0,96991154,Finished,RES-48098,,214.0
Marinelle Nelson,HK - Prestige Cleaning,05/31/2025,48 Geoff Wilder Lane (48GEOFF) - 48 Geoff Wilder Lane,0.1. B2B Departure Cleaning,0.0,267.0,96822451,Finished,RES-49419,,267.0
Marinelle Nelson,HK - Prestige Cleaning,06/01/2025,Brown Eyed Girl (BRNEYED) - 60 Shannon Drive,0.2. Non B2B Departure Cleaning,0.0,330.0,96991280,Finished,RES-48652,,330.0
