Assignees,Group,Completed date,Property,Task title,Total cost,Rate paid,Task ID,Status,Task tags,Amount due
Maria Da Silva,HK - Veterans Cleaning,05/19/2025,Southern Coastal (192ESEA) - 192 Seacrest Beach Blvd E,0.2. Non B2B Departure Cleaning,0.0,231.0,95286278,Finished,RES-49430,231.0
Maria Da Silva,HK - Veterans Cleaning,05/19/2025,143 Forest Street (143FORES) - 143 Forest Street,0.2. Non B2B Departure Cleaning,0.0,280.0,95465218,Finished,RES-45823,280.0
Maria Da Silva,HK - Veterans Cleaning,05/19/2025,Pool's Paradise (POOLSPAR) - 116 Seacrest Beach Boulevard East,0.2. Non B2B Departure Cleaning,0.0,290.0,95464814,Finished,RES-48327,290.0
Maria Da Silva,HK - Veterans Cleaning,05/19/2025,15 Mathis Cove (15MATHIS) - 15 Mathis Cove,0.1. B2B Departure Cleaning,0.0,254.0,95465357,Finished,RES-48819,254.0
Maria Da Silva,HK - Veterans Cleaning,05/22/2025,The White House (WHITE) - 2635 East County Highway 30A,0.1. B2B Departure Cleaning,,281.0,97798043,Finished,RES-45727,281.0
Maria Da Silva,HK - Veterans Cleaning,05/22/2025,Barefoot Daze (BAREFOOT) - 75 Geoff Wilder Lane,0.2. Non B2B Departure Cleaning,0.0,250.0,97830853,Finished,HLD-22596,250.0
Maria Da Silva,HK - Veterans Cleaning,05/25/2025,15 Mathis Cove (15MATHIS) - 15 Mathis Cove,0.1. B2B Departure Cleaning,0.0,254.0,96015225,Finished,RES-47639,254.0
