Assignees,Group,Completed date,Property,Task title,Total cost,Rate paid,Task ID,Status,Task tags,Amount due
Marinelle Nelson,HK - Prestige Cleaning,05/20/2025,Mercado at Rosemary 4A (ROSEM4A) - 82 Barrett Square S 4A,0.2. Non B2B Departure Cleaning,0.0,165.0,95578487,Finished,RES-48795,165.0
Marinelle Nelson,HK - Prestige Cleaning,05/20/2025,Brown Eyed Girl (BRNEYED) - 60 Shannon Drive,0.2. Non B2B Departure Cleaning,0.0,330.0,95465299,Finished,RES-48003,330.0
Marinelle Nelson,HK - Prestige Cleaning,05/23/2025,Daydreams By The Sea (DAYDREAM) - 233 Geoff Wilder Lane,0.2. Non B2B Departure Cleaning,0.0,214.0,95924901,Finished,RES-46882,214.0
Marinelle Nelson,HK - Prestige Cleaning,05/23/2025,Om Sweet Om (21HIKER) - 21 Hiker St,0.2. Non B2B Departure Cleaning,0.0,204.0,97479854,Finished,RES-49913,204.0
Marinelle Nelson,HK - Prestige Cleaning,05/23/2025,My Blue Heaven (MYBLUE) - 241 Geoff Wilder Lane,0.2. Non B2B Departure Cleaning,0.0,315.0,95824379,Finished,RES-46136,315.0
Marinelle Nelson,HK - Prestige Cleaning,05/24/2025,Sunsational (51ANDALU) - 51 S Andalusia Avenue,0.1. B2B Departure Cleaning,0.0,500.0,96567927,Finished,RES-49816,500.0
Marinelle Nelson,HK - Prestige Cleaning,05/24/2025,105 Pelican Circle (105PELCN) - 105 Pelican Circle,0.1. B2B Departure Cleaning,0.0,211.0,96015172,Finished,RES-48573,211.0
Marinelle Nelson,HK - Prestige Cleaning,05/24/2025,Carillon Beach- The White House (CWHITE) - 376 Beachside Drive,0.1. B2B Departure Cleaning,0.0,232.0,96015056,Finished,RES-48932,232.0
Marinelle Nelson,HK - Prestige Cleaning,05/24/2025,Over the Dune (OVERDUNE) - 19 Draper Lane,0.1. B2B Departure Cleaning,0.0,375.0,96014811,Finished,RES-46102,375.0
Marinelle Nelson,HK - Prestige Cleaning,05/24/2025,Wave N' Sea (66GEOFF) - 66 Geoff Wilder Lane,0.1. B2B Departure Cleaning,,200.0,96015177,Finished,RES-48013,200.0
Marinelle Nelson,HK - Cleaning by Castro,05/24/2025,Sip n' Sea (SIPNSEA) - 33 Seacrest Beach Boulevard,0.1. B2B Departure Cleaning,0.0,260.0,96014855,Finished,RES-47919,260.0
Marinelle Nelson,HK - Prestige Cleaning,05/24/2025,239 Pelican Circle (239PELCN) - 239 Pelican Circle,0.1. B2B Departure Cleaning,0.0,551.0,96015323,Finished,RES-46407,551.0
Marinelle Nelson,HK - Prestige Cleaning,05/25/2025,48 Geoff Wilder Lane (48GEOFF) - 48 Geoff Wilder Lane,0.1. B2B Departure Cleaning,0.0,267.0,96131984,Finished,RES-49139,267.0
