Assignees,Group,Completed date,Property,Task title,Total cost,Rate paid,Task ID,Status,Task tags
Quality And Quantity ,HK - Quality & Quantity,2025-05-12,Salt & Light (108LGVUE) - 108 Longue Vue Drive,0.1. B2B Departure Cleaning,650.0,,94700408,Finished,
Quality And Quantity ,HK - Quality & Quantity,2025-05-12,Cardinal View (272GROVE) - 272 West Grove Avenue,0.1. B2B Departure Cleaning,500.0,,95080658,Finished,
Quality And Quantity ,HK - Quality & Quantity,2025-05-12,250 Needlerush (250NEEDL) - 250 Needlerush,0.2. Non B2B Departure Cleaning,247.0,,95080508,Finished,RES-49637
Quality And Quantity ,HK - Quality & Quantity,2025-05-12,34 South Briland Main House (34BRLNDM) - 34 S Briland Lane,0.2. Non B2B Departure Cleaning,210.0,,95350611,Finished,RES-49681
Quality And Quantity ,HK - Quality & Quantity,2025-05-13,Harp's Haven - Carriage House (52SCOUTC) - 52 Scout Lane,0.1. B2B Departure Cleaning,65.0,,94946137,Finished,
Quality And Quantity ,HK - Quality & Quantity,2025-05-14,Cardinal View (272GROVE) - 272 West Grove Avenue,0.2. Non B2B Departure Cleaning,0.0,,92310951,Closed,
Quality And Quantity ,HK - Shore Cleans,2025-05-14,47 Seagrove Place (47SEAGRV) - 47 Seagrove Place,Full Clean ( / / ),503.0,,97020074,Finished,
Quality And Quantity ,HK - Quality & Quantity,2025-05-14,The Cottage (123SANDN) - 123 Sand Dunes Road,0.2. Non B2B Departure Cleaning,0.0,200.0,94946153,Finished,
Quality And Quantity ,HK - Quality & Quantity,2025-05-14,2657 East County Highway 30A (2657CO30) - 2657 East County Highway 30A,0.2. Non B2B Departure Cleaning,550.0,,94946031,Finished,
Quality And Quantity ,HK - Quality & Quantity,2025-05-15,34 S Briland Lane Carriage House (34BRLNDC) - 34 S Briland Lane,0.1. B2B Departure Cleaning,0.0,93.0,95056844,Finished,
Quality And Quantity ,HK - Quality & Quantity,2025-05-15,Salt & Light (108LGVUE) - 108 Longue Vue Drive,0.1. B2B Departure Cleaning,0.0,650.0,95056880,Finished,
Quality And Quantity ,HK - Quality & Quantity,2025-05-15,250 Needlerush (250NEEDL) - 250 Needlerush,Mop front and back porches,75.0,,97382554,Finished,
