Assignees,Group,Completed date,Property,Task title,Total cost,Rate paid,Task ID,Status,Task tags
Quality And Quantity ,HK - Quality & Quantity,2025-05-12,34 South Briland Main House (34BRLNDM) - 34 S Briland Lane,0.2. Non B2B Departure Cleaning,210.0,,95350611,Finished,RES-49681
Quality And Quantity ,HK - Quality & Quantity,2025-05-12,Cardinal View (272GROVE) - 272 West Grove Avenue,0.1. B2B Departure Cleaning,500.0,,95080658,Finished,RES-49577
Quality And Quantity ,HK - Quality & Quantity,2025-05-12,250 Needlerush (250NEEDL) - 250 Needlerush,0.2. Non B2B Departure Cleaning,247.0,,95080508,Finished,RES-49637
Quality And Quantity ,HK - Quality & Quantity,2025-05-12,Salt & Light (108LGVUE) - 108 Longue Vue Drive,0.1. B2B Departure Cleaning,650.0,,94700408,Finished,RES-47330
Quality And Quantity ,HK - Quality & Quantity,2025-05-13,Harp's Haven - Carriage House (52SCOUTC) - 52 Scout Lane,0.1. B2B Departure Cleaning,65.0,,94946137,Finished,RES-49353
Quality And Quantity ,HK - Quality & Quantity,2025-05-14,The Cottage (123SANDN) - 123 Sand Dunes Road,0.2. Non B2B Departure Cleaning,0.0,200.0,94946153,Finished,RES-48375
Quality And Quantity ,HK - Quality & Quantity,2025-05-14,Cardinal View (272GROVE) - 272 West Grove Avenue,0.2. Non B2B Departure Cleaning,0.0,,92310951,Closed,
Quality And Quantity ,HK - Shore Cleans,2025-05-14,47 Seagrove Place (47SEAGRV) - 47 Seagrove Place,Full Clean ( / / ),503.0,,97020074,Finished,
Quality And Quantity ,HK - Quality & Quantity,2025-05-14,2657 East County Highway 30A (2657CO30) - 2657 East County Highway 30A,0.2. Non B2B Departure Cleaning,550.0,,94946031,Finished,RES-48878
Quality And Quantity ,HK - Quality & Quantity,2025-05-15,Salt & Light (108LGVUE) - 108 Longue Vue Drive,0.1. B2B Departure Cleaning,0.0,650.0,95056880,Finished,RES-48597
Quality And Quantity ,HK - Quality & Quantity,2025-05-15,34 S Briland Lane Carriage House (34BRLNDC) - 34 S Briland Lane,0.1. B2B Departure Cleaning,0.0,93.0,95056844,Finished,RES-47817
Quality And Quantity ,HK - Quality & Quantity,2025-05-15,250 Needlerush (250NEEDL) - 250 Needlerush,Mop front and back porches,75.0,,97382554,Finished,
Quality And Quantity ,HK - Quality & Quantity,2025-05-16,37 Lake District Lane (37LAKE) - 37 Lake District Lane,Vacancy Clean ( / / ),100.0,,97406652,Finished,
Quality And Quantity ,HK - Quality & Quantity,2025-05-16,408 Blue Mountain (408BLUE) - 408 Blue Mountain Road,0.1. B2B Departure Cleaning,0.0,525.0,95153139,Finished,RES-47827
Quality And Quantity ,HK - Quality & Quantity,2025-05-17,Serenity Blue (4635W30A) - 4635 W Co Hwy 30A,0.1. B2B Departure Cleaning,0.0,462.0,95193391,Finished,RES-48503
Quality And Quantity ,HK - Quality & Quantity,2025-05-17,313 Western Lake Road (313WSTRN) - 313 Western Lake Drive,0.1. B2B Departure Cleaning,0.0,521.0,95193287,Finished,RES-49296
Quality And Quantity ,HK - Quality & Quantity,2025-05-17,Sonshine by the Sea (496SJUAN) - 496 San Juan Street,0.1. B2B Departure Cleaning,0.0,261.0,95239683,Finished,RES-48751
Quality And Quantity ,HK - Quality & Quantity,2025-05-17,Emerald Isle (96ELMST) - 96 Elm Street,0.2. Non B2B Departure Cleaning,0.0,264.0,95239701,Finished,RES-49511
Quality And Quantity ,HK - Quality & Quantity,2025-05-18,Salt & Light (108LGVUE) - 108 Longue Vue Drive,0.1. B2B Departure Cleaning,0.0,650.0,95345990,Finished,RES-46134
Quality And Quantity ,HK - Quality & Quantity,2025-05-18,"Harp's Hideaway (4545E30A) - 4545 E County Highway 30A, Ste B401",0.2. Non B2B Departure Cleaning,0.0,219.0,95345900,Finished,RES-48074
Quality And Quantity ,HK - Quality & Quantity,2025-05-18,74 Elysee Court (74ELYSEE) - 74 Elysee Court,0.2. Non B2B Departure Cleaning,,567.0,95346042,Finished,RES-46697
