Assignees,Group,Completed date,Property,Task title,Total cost,Rate paid,Task ID,Status,Reservation ID,Task tags,Amount due
Quality And Quantity ,HK - Quality & Quantity,07/14/2025,Vitamin Sea of Seagrove (164ELMST) - 164 Elm Street,0.2. Non B2B Departure Cleaning,0.0,281.0,102480724,Finished,RES-49576,,281.0
Quality And Quantity ,HK - Quality & Quantity,07/19/2025,Vitamin Sea (VSEA) - 32 E Park Place 102,0.1. B2B Departure Cleaning,0.0,300.0,102896110,Finished,RES-50150,,300.0
Quality And Quantity ,HK - Quality & Quantity,07/19/2025,361 Needlerush (361NEEDL) - 361 Needlerush Drive,0.1. B2B Departure Cleaning,0.0,300.0,102546841,Finished,RES-50168,,300.0
Quality And Quantity ,HK - Quality & Quantity,07/19/2025,The Cottage (123SANDN) - 123 Sand Dunes Road,0.1. B2B Departure Cleaning,0.0,200.0,103408376,Finished,RES-50422,,200.0
Quality And Quantity ,HK - Quality & Quantity,07/19/2025,SPF 30A (SG79ELM) - 79 Elm Street,0.2. Non B2B Departure Cleaning,,280.0,102911788,Finished,RES-50373,,280.0
Quality And Quantity ,HK - Quality & Quantity,07/19/2025,34 S Briland Lane Carriage House (34BRLNDC) - 34 S Briland Lane,0.2. Non B2B Departure Cleaning,0.0,93.0,104903534,Finished,RES-50537,,93.0
Quality And Quantity ,HK - Quality & Quantity,07/19/2025,Cardinal View (272GROVE) - 272 West Grove Avenue,0.2. Non B2B Departure Cleaning,0.0,500.0,103218851,Finished,RES-50149,,500.0
Quality And Quantity ,HK - Quality & Quantity,07/19/2025,Emerald Isle (96ELMST) - 96 Elm Street,0.1. B2B Departure Cleaning,0.0,264.0,103276127,Finished,RES-48532,,264.0
Quality And Quantity ,HK - Quality & Quantity,07/19/2025,37 Lake District Lane (37LAKE) - 37 Lake District Lane,0.1. B2B Departure Cleaning,0.0,305.0,103276129,Finished,RES-50193,,305.0
Quality And Quantity ,HK - Quality & Quantity,07/19/2025,74 Elysee Court (74ELYSEE) - 74 Elysee Court,0.1. B2B Departure Cleaning,,567.0,103276134,Finished,RES-50180,,567.0
Quality And Quantity ,HK - Quality & Quantity,07/19/2025,A Seabreeze (76SEABRZ) - 76 Seabreeze Trail,0.1. B2B Departure Cleaning,0.0,289.0,103276146,Finished,RES-48093,,289.0
Quality And Quantity ,HK - Quality & Quantity,07/19/2025,Harp's Haven - Main and Carriage House (52SCOUT) - 52 Scout Lane,0.1. B2B Departure Cleaning,0.0,420.0,104330642,Finished,RES-50489,,420.0
Quality And Quantity ,HK - Quality & Quantity,07/19/2025,34 South Briland Main House (34BRLNDM) - 34 S Briland Lane,0.2. Non B2B Departure Cleaning,0.0,210.0,103276155,Finished,RES-49659,,210.0
Quality And Quantity ,HK - Quality & Quantity,07/19/2025,"Seagrove by the Sea - BVE (419230AB) - 4192 E County Hwy 30A, B",0.1. B2B Departure Cleaning,0.0,318.0,103276137,Finished,RES-49656,,318.0
Quality And Quantity ,HK - Quality & Quantity,07/19/2025,408 Blue Mountain (408BLUE) - 408 Blue Mountain Road,0.1. B2B Departure Cleaning,0.0,525.0,103276481,Finished,RES-50107,,525.0
Quality And Quantity ,HK - Quality & Quantity,07/19/2025,2657 East County Highway 30A (2657CO30) - 2657 East County Highway 30A,0.1. B2B Departure Cleaning,0.0,550.0,103276596,Finished,RES-48402,,550.0
Quality And Quantity ,HK - Quality & Quantity,07/19/2025,Salt & Light (108LGVUE) - 108 Longue Vue Drive,0.1. B2B Departure Cleaning,0.0,650.0,103276688,Finished,RES-47808,,650.0
Quality And Quantity ,HK - Quality & Quantity,07/19/2025,"Harp's Hideaway (4545E30A) - 4545 E County Highway 30A, Ste B401",0.1. B2B Departure Cleaning,0.0,219.0,103276665,Finished,RES-50235,,219.0
Quality And Quantity ,HK - Quality & Quantity,07/19/2025,Serenity Blue (4635W30A) - 4635 W Co Hwy 30A,0.1. B2B Departure Cleaning,0.0,462.0,103276643,Finished,RES-50096,,462.0
Quality And Quantity ,HK - Quality & Quantity,07/19/2025,313 Western Lake Road (313WSTRN) - 313 Western Lake Drive,0.1. B2B Departure Cleaning,0.0,521.0,103276635,Finished,RES-47198,,521.0
Quality And Quantity ,HK - Quality & Quantity,07/19/2025,250 Needlerush (250NEEDL) - 250 Needlerush,0.2. Non B2B Departure Cleaning,0.0,247.0,102896172,Finished,RES-48474,,247.0
Quality And Quantity ,HK - Quality & Quantity,07/20/2025,Vitamin Sea (VSEA) - 32 E Park Place 102,0.2. Non B2B Departure Cleaning,0.0,300.0,103416320,Finished,RES-49924,,300.0
Quality And Quantity ,HK - Quality & Quantity,07/20/2025,361 Needlerush (361NEEDL) - 361 Needlerush Drive,0.2. Non B2B Departure Cleaning,0.0,300.0,103416295,Finished,RES-50055,,300.0
Quality And Quantity ,HK - Quality & Quantity,07/20/2025,SPF 30A (SG79ELM) - 79 Elm Street,0.2. Non B2B Departure Cleaning,,280.0,103416044,Finished,RES-50323,,280.0
Quality And Quantity ,HK - Quality & Quantity,07/20/2025,Vitamin Sea of Seagrove (164ELMST) - 164 Elm Street,0.2. Non B2B Departure Cleaning,0.0,281.0,103416018,Finished,RES-48257,,281.0
