Assignees,Group,Completed date,Property,Task title,Total cost,Rate paid,Task ID,Status,Task tags,Amount due
Quality And Quantity ,HK - Quality & Quantity,05/19/2025,Harp's Haven - Main House (52SCOUTM) - 52 Scout Lane,0.2. Non B2B Departure Cleaning,,360.0,95465396,Finished,RES-48640,360.0
Quality And Quantity ,HK - Quality & Quantity,05/19/2025,The Cottage (123SANDN) - 123 Sand Dunes Road,0.2. Non B2B Departure Cleaning,0.0,200.0,95465387,Finished,RES-49113,200.0
Quality And Quantity ,HK - Quality & Quantity,05/19/2025,Harp's Haven - Carriage House (52SCOUTC) - 52 Scout Lane,0.2. Non B2B Departure Cleaning,0.0,65.0,95465379,Finished,RES-49600,65.0
Quality And Quantity ,HK - Quality & Quantity,05/20/2025,408 Blue Mountain (408BLUE) - 408 Blue Mountain Road,0.2. Non B2B Departure Cleaning,0.0,525.0,95578480,Finished,RES-47820,525.0
Quality And Quantity ,HK - Quality & Quantity,05/20/2025,34 S Briland Lane Carriage House (34BRLNDC) - 34 S Briland Lane,0.2. Non B2B Departure Cleaning,0.0,93.0,95578539,Finished,RES-49377,93.0
Quality And Quantity ,HK - Quality & Quantity,05/20/2025,37 Lake District Lane (37LAKE) - 37 Lake District Lane,0.2. Non B2B Departure Cleaning,0.0,305.0,95578573,Finished,RES-49685,305.0
Quality And Quantity ,HK - Quality & Quantity,05/24/2025,2657 East County Highway 30A (2657CO30) - 2657 East County Highway 30A,0.1. B2B Departure Cleaning,0.0,550.0,96015115,Finished,RES-47785,550.0
Quality And Quantity ,HK - Quality & Quantity,05/24/2025,Serenity Blue (4635W30A) - 4635 W Co Hwy 30A,0.1. B2B Departure Cleaning,0.0,462.0,96015112,Finished,RES-49303,462.0
Quality And Quantity ,HK - Quality & Quantity,05/24/2025,313 Western Lake Road (313WSTRN) - 313 Western Lake Drive,0.1. B2B Departure Cleaning,0.0,521.0,96015092,Finished,RES-48028,521.0
Quality And Quantity ,HK - Quality & Quantity,05/24/2025,Vitamin Sea (VSEA) - 32 E Park Place 102,0.1. B2B Departure Cleaning,0.0,300.0,95964308,Finished,RES-48527,300.0
Quality And Quantity ,HK - Quality & Quantity,05/24/2025,Salt & Light (108LGVUE) - 108 Longue Vue Drive,0.1. B2B Departure Cleaning,0.0,650.0,96015267,Finished,RES-47405,650.0
Quality And Quantity ,,05/25/2025,Jackson House (22DOGWOO) - 22 Dogwood Street,Linen Install ( / / ) and Tidy Clean,,150.0,97807740,Finished,,150.0
Quality And Quantity ,HK - Quality & Quantity,05/25/2025,34 South Briland Main House (34BRLNDM) - 34 S Briland Lane,0.1. B2B Departure Cleaning,0.0,210.0,98139476,Finished,RES-49501,210.0
Quality And Quantity ,HK - Quality & Quantity,05/25/2025,Sonshine by the Sea (496SJUAN) - 496 San Juan Street,0.2. Non B2B Departure Cleaning,0.0,261.0,95668328,Finished,RES-49643,261.0
Quality And Quantity ,HK - Quality & Quantity,05/25/2025,250 Needlerush (250NEEDL) - 250 Needlerush,0.1. B2B Departure Cleaning,0.0,247.0,96131950,Finished,RES-47978,247.0
