Assignees,Group,Completed date,Property,Task title,Total cost,Rate paid,Task ID,Status,Task tags,Amount due
Quality And Quantity ,HK - Quality & Quantity,05/26/2025,Cardinal View (272GROVE) - 272 West Grove Avenue,Mid-Stay - Full Clean - ( / / ),,685.0,97996001,Approved,Mid-Stay Clean,685.0
Quality And Quantity ,HK - Quality & Quantity,05/27/2025,34 S Briland Lane Carriage House (34BRLNDC) - 34 S Briland Lane,0.1. B2B Departure Cleaning,0.0,93.0,96389563,Finished,,93.0
Quality And Quantity ,HK - Quality & Quantity,05/28/2025,A Seabreeze (76SEABRZ) - 76 Seabreeze Trail,0.2. Non B2B Departure Cleaning,0.0,289.0,95464790,Finished,RES-49570,289.0
Quality And Quantity ,HK - Quality & Quantity,05/28/2025,361 Needlerush (361NEEDL) - 361 Needlerush Drive,0.2. Non B2B Departure Cleaning,0.0,300.0,96014884,Finished,,300.0
Quality And Quantity ,HK - Quality & Quantity,05/31/2025,"Harp's Hideaway (4545E30A) - 4545 E County Highway 30A, Ste B401",0.1. B2B Departure Cleaning,0.0,219.0,96991506,Finished,,219.0
Quality And Quantity ,HK - Quality & Quantity,05/31/2025,Emerald Isle (96ELMST) - 96 Elm Street,0.1. B2B Departure Cleaning,0.0,264.0,96991576,Finished,,264.0
Quality And Quantity ,HK - Quality & Quantity,05/31/2025,37 Lake District Lane (37LAKE) - 37 Lake District Lane,0.1. B2B Departure Cleaning,0.0,305.0,96991585,Finished,,305.0
Quality And Quantity ,HK - Quality & Quantity,05/31/2025,"Seagrove by the Sea - BVE (419230AB) - 4192 E County Hwy 30A, B",0.2. Non B2B Departure Cleaning,0.0,318.0,96991591,Finished,,318.0
Quality And Quantity ,HK - Quality & Quantity,05/31/2025,Serenity Blue (4635W30A) - 4635 W Co Hwy 30A,Mid-Stay - Tidy Clean - (5/28/25),,231.0,98062531,Approved,Mid-Stay Clean,231.0
Quality And Quantity ,HK - Quality & Quantity,05/31/2025,408 Blue Mountain (408BLUE) - 408 Blue Mountain Road,0.1. B2B Departure Cleaning,0.0,595.0,98512439,Finished,,595.0
Quality And Quantity ,HK - Quality & Quantity,05/31/2025,313 Western Lake Road (313WSTRN) - 313 Western Lake Drive,0.1. B2B Departure Cleaning,0.0,521.0,96991363,Finished,,521.0
Quality And Quantity ,HK - Quality & Quantity,05/31/2025,34 S Briland Lane Carriage House (34BRLNDC) - 34 S Briland Lane,0.2. Non B2B Departure Cleaning,0.0,93.0,96910076,Finished,,93.0
Quality And Quantity ,HK - Quality & Quantity,05/31/2025,74 Elysee Court (74ELYSEE) - 74 Elysee Court,0.1. B2B Departure Cleaning,,567.0,96870748,Finished,,567.0
Quality And Quantity ,HK - Quality & Quantity,05/31/2025,Salt & Light (108LGVUE) - 108 Longue Vue Drive,0.1. B2B Departure Cleaning,0.0,650.0,96914257,Finished,,650.0
Quality And Quantity ,HK - Quality & Quantity,05/31/2025,A Seabreeze (76SEABRZ) - 76 Seabreeze Trail,0.2. Non B2B Departure Cleaning,0.0,289.0,96870788,Finished,,289.0
Quality And Quantity ,HK - Quality & Quantity,05/31/2025,Cardinal View (272GROVE) - 272 West Grove Avenue,0.1. B2B Departure Cleaning,0.0,500.0,96870804,Finished,,500.0
Quality And Quantity ,HK - Quality & Quantity,05/31/2025,Vitamin Sea of Seagrove (164ELMST) - 164 Elm Street,0.1. B2B Departure Cleaning,0.0,281.0,96870793,Finished,,281.0
Quality And Quantity ,HK - Quality & Quantity,05/31/2025,2657 East County Highway 30A (2657CO30) - 2657 East County Highway 30A,0.1. B2B Departure Cleaning,0.0,550.0,96991241,Finished,,550.0
Quality And Quantity ,HK - Quality & Quantity,05/31/2025,Serenity Blue (4635W30A) - 4635 W Co Hwy 30A,0.1. B2B Departure Cleaning,0.0,462.0,96822266,Finished,,462.0
Quality And Quantity ,HK - Cleaning by Castro,05/31/2025,Sip n' Sea (SIPNSEA) - 33 Seacrest Beach Boulevard,0.1. B2B Departure Cleaning,0.0,310.0,96991171,Finished,,310.0
Quality And Quantity ,HK - Quality & Quantity,05/31/2025,Vitamin Sea (VSEA) - 32 E Park Place 102,0.1. B2B Departure Cleaning,0.0,300.0,96991266,Finished,,300.0
Quality And Quantity ,HK - Quality & Quantity,06/01/2025,"Harp's Hideaway (4545E30A) - 4545 E County Highway 30A, Ste B401",0.1. B2B Departure Cleaning,0.0,219.0,96389533,Finished,,219.0
Quality And Quantity ,HK - Quality & Quantity,06/01/2025,361 Needlerush (361NEEDL) - 361 Needlerush Drive,0.2. Non B2B Departure Cleaning,0.0,300.0,96781062,Finished,,300.0
Quality And Quantity ,HK - Quality & Quantity,06/01/2025,250 Needlerush (250NEEDL) - 250 Needlerush,0.1. B2B Departure Cleaning,0.0,247.0,96991469,Finished,,247.0
Quality And Quantity ,HK - Quality & Quantity,06/01/2025,Sonshine by the Sea (496SJUAN) - 496 San Juan Street,0.2. Non B2B Departure Cleaning,0.0,261.0,96991481,Finished,,261.0
Quality And Quantity ,HK - Quality & Quantity,06/01/2025,The Cottage (123SANDN) - 123 Sand Dunes Road,0.2. Non B2B Departure Cleaning,0.0,200.0,96991552,Finished,,200.0
Quality And Quantity ,HK - Quality & Quantity,06/01/2025,Harp's Haven - Main and Carriage House (52SCOUT) - 52 Scout Lane,0.2. Non B2B Departure Cleaning,0.0,525.0,96293976,Finished,,525.0
Quality And Quantity ,HK - Quality & Quantity,06/01/2025,The Cottage (123SANDN) - 123 Sand Dunes Road,0.1. B2B Departure Cleaning,0.0,200.0,96585557,Finished,,200.0
