Assignees,Group,Completed date,Property,Task title,Total cost,Rate paid,Task ID,Status,Reservation ID,Task tags,Amount due
Service 19 LLC,HK - Services 19,07/16/2025,303 Ruskin Place (303RUSK) - 303 RUSKIN PL,Mid-Stay - Tidy Clean - (7/16/25 ),,,104391578,Finished,,Mid-Stay Clean,0.0
Service 19 LLC,HK - Services 19,07/18/2025,Beach Haven (ALEX304) - 9961 E County Highway 30A,0.1. B2B Departure Cleaning,0.0,173.0,104504312,Finished,RES-49995,,173.0
Service 19 LLC,HK - Services 19,07/18/2025,Salty Seagull (7ENDLESS) - 7 Endless Summer Way E,0.2. Non B2B Departure Cleaning,0.0,210.0,103162585,Finished,RES-49333,,210.0
Service 19 LLC,HK - Services 19,07/19/2025,WaterHouse 401 (WATER401) - 8377 County Highway 30-A East,0.1. B2B Departure Cleaning,0.0,179.0,103438076,Finished,RES-47963,,179.0
Service 19 LLC,HK - Services 19,07/19/2025,Viridian Residences 201 (V201) - 2743 East County Highway 30-A,0.1. B2B Departure Cleaning,0.0,360.0,104871599,Finished,RES-47404,,360.0
Service 19 LLC,HK - Services 19,07/19/2025,"WaterHouse 304 (WATER304) - 8377 E County Highway 30A, Unit 304",0.1. B2B Departure Cleaning,0.0,179.0,103276177,Finished,RES-49815,,179.0
Service 19 LLC,HK - Services 19,07/19/2025,"Camelot (54NAT100) - 54 Nature Way, 100",0.1. B2B Departure Cleaning,0.0,218.0,103276147,Finished,RES-50197,,218.0
Service 19 LLC,HK - Services 19,07/19/2025,"WaterHouse 204 (WATER204) - 8377 E County Highway 30A, Unit 204",0.1. B2B Departure Cleaning,,179.0,103276153,Finished,RES-47988,,179.0
Service 19 LLC,HK - Services 19,07/19/2025,WaterHouse 203 (WATER203) - 8377 County Highway 30-A E,0.2. Non B2B Departure Cleaning,0.0,179.0,103276445,Finished,RES-50244,,179.0
Service 19 LLC,HK - Services 19,07/20/2025,281 Salt Box Lane (281SALT) - 281 Salt Box Lane,0.2. Non B2B Departure Cleaning,0.0,160.0,102616107,Finished,RES-49862,,160.0
Service 19 LLC,HK - Services 19,07/20/2025,"WaterHouse 402 (WATER402) - 8377 E County Highway 30A, Unit 402",0.2. Non B2B Departure Cleaning,,179.0,103416032,Finished,RES-48275,,179.0
