Assignees,Group,Completed date,Property,Task title,Total cost,Rate paid,Task ID,Status,Task tags,Amount due
Service 19 LLC,HK - Services 19,05/19/2025,281 Salt Box Lane (281SALT) - 281 Salt Box Lane,0.2. Non B2B Departure Cleaning,0.0,,95239649,Closed,,0.0
Service 19 LLC,HK - Services 19,05/19/2025,"WaterHouse 304 (WATER304) - 8377 E County Highway 30A, Unit 304",0.2. Non B2B Departure Cleaning,0.0,179.0,95845352,Finished,RES-49743,179.0
Service 19 LLC,HK - Services 19,05/21/2025,Beach Haven (ALEX304) - 9961 E County Highway 30A,0.2. Non B2B Departure Cleaning,0.0,173.0,95703016,Finished,RES-49534,173.0
Service 19 LLC,HK - Services 19,05/21/2025,Salty Seagull (7ENDLESS) - 7 Endless Summer Way E,0.1. B2B Departure Cleaning,0.0,210.0,95829084,Finished,RES-49475,210.0
Service 19 LLC,HK - Services 19,05/21/2025,"Camelot (54NAT100) - 54 Nature Way, 100",0.2. Non B2B Departure Cleaning,0.0,218.0,95701831,Finished,RES-47450,218.0
Service 19 LLC,HK - Services 19,05/22/2025,WaterHouse 203 (WATER203) - 8377 County Highway 30-A E,0.2. Non B2B Departure Cleaning,0.0,179.0,95824625,Finished,RES-49498,179.0
Service 19 LLC,HK - Services 19,05/23/2025,"WaterHouse 202 (WATER202) - 8377 E County Highway 30A, Unit 202",0.2. Non B2B Departure Cleaning,,179.0,95924596,Finished,RES-49549,179.0
Service 19 LLC,HK - Services 19,05/23/2025,"WaterHouse 402 (WATER402) - 8377 E County Highway 30A, Unit 402",0.1. B2B Departure Cleaning,,179.0,95924575,Finished,RES-47699,179.0
Service 19 LLC,HK - Services 19,05/23/2025,"WaterHouse 204 (WATER204) - 8377 E County Highway 30A, Unit 204",0.1. B2B Departure Cleaning,,179.0,97229694,Finished,RES-48134,179.0
Service 19 LLC,HK - Services 19,05/24/2025,Viridian Residences 201 (V201) - 2743 East County Highway 30-A,0.1. B2B Departure Cleaning,0.0,360.0,97124659,Finished,RES-48513,360.0
