Assignees,Group,Completed date,Property,Task title,Total cost,Rate paid,Task ID,Status,Task tags,Amount due
Service 19 LLC,HK - Services 19,05/12/2025,303 Ruskin Place (303RUSK) - 303 RUSKIN PL,0.2. Non B2B Departure Cleaning,280.0,,94700400,Finished,RES-49557,280.0
Service 19 LLC,HK - Services 19,05/13/2025,"WaterHouse 304 (WATER304) - 8377 E County Highway 30A, Unit 304",0.2. Non B2B Departure Cleaning - 1 PM Late Checkout today,179.0,,94700431,Finished,RES-49132,179.0
Service 19 LLC,HK - Services 19,05/14/2025,WaterHouse 203 (WATER203) - 8377 County Highway 30-A E,0.2. Non B2B Departure Cleaning,179.0,,94945942,Finished,RES-49308,179.0
Service 19 LLC,HK - Services 19,05/15/2025,281 Salt Box Lane (281SALT) - 281 Salt Box Lane,Partial Clean (5/15/25),80.0,,96515820,Finished,Needs Approval (HK INV),80.0
Service 19 LLC,HK - Services 19,05/16/2025,"WaterHouse 202 (WATER202) - 8377 E County Highway 30A, Unit 202",0.2. Non B2B Departure Cleaning,179.0,179.0,95152628,Finished,RES-49276,179.0
Service 19 LLC,HK - Services 19,05/17/2025,"WaterHouse 204 (WATER204) - 8377 E County Highway 30A, Unit 204",0.1. B2B Departure Cleaning,,179.0,96902826,Finished,RES-49504,179.0
Service 19 LLC,HK - Services 19,05/17/2025,281 Salt Box Lane (281SALT) - 281 Salt Box Lane,Trip Fee (5/17/25) ,25.0,,97633075,Approved,,25.0
Service 19 LLC,HK - Services 19,05/18/2025,303 Ruskin Place (303RUSK) - 303 RUSKIN PL,0.2. Non B2B Departure Cleaning,0.0,280.0,95286154,Finished,RES-47136,280.0
Service 19 LLC,HK - Services 19,05/18/2025,"WaterHouse 402 (WATER402) - 8377 E County Highway 30A, Unit 402",0.2. Non B2B Departure Cleaning,,179.0,95344985,Finished,RES-49236,179.0
