Assignees,Group,Completed date,Property,Task title,Total cost,Rate paid,Task ID,Status,Task tags
Service 19 LLC,HK - Services 19,2025-05-12,303 Ruskin Place (303RUSK) - 303 RUSKIN PL,0.2. Non B2B Departure Cleaning,280.0,,94700400,Finished,
Service 19 LLC,HK - Services 19,2025-05-13,"WaterHouse 304 (WATER304) - 8377 E County Highway 30A, Unit 304",0.2. Non B2B Departure Cleaning - 1 PM Late Checkout today,179.0,,94700431,Finished,
Service 19 LLC,HK - Services 19,2025-05-14,WaterHouse 203 (WATER203) - 8377 County Highway 30-A E,0.2. Non B2B Departure Cleaning,179.0,,94945942,Finished,
Service 19 LLC,HK - Services 19,2025-05-15,281 Salt Box Lane (281SALT) - 281 Salt Box Lane,Partial Clean (5/15/25),80.0,,96515820,Finished,Needs Approval (HK INV)
