Assignees,Group,Completed date,Property,Task title,Total cost,Rate paid,Task ID,Status,Reservation ID,Task tags,Amount due
Service 19 LLC,HK - Services 19,05/26/2025,Salty Seagull (7ENDLESS) - 7 Endless Summer Way E,0.2. Non B2B Departure Cleaning,0.0,210.0,96255731,Finished,RES-49611,,210.0
Service 19 LLC,HK - Services 19,05/28/2025,281 Salt Box Lane (281SALT) - 281 Salt Box Lane,0.2. Non B2B Departure Cleaning,0.0,160.0,98491187,Finished,,,160.0
Service 19 LLC,HK - Services 19,05/29/2025,"WaterHouse 304 (WATER304) - 8377 E County Highway 30A, Unit 304",0.2. Non B2B Departure Cleaning,0.0,179.0,96607395,Finished,RES-48891,,179.0
Service 19 LLC,HK - Services 19,05/30/2025,Viridian Residences 201 (V201) - 2743 East County Highway 30-A,0.2. Non B2B Departure Cleaning,0.0,360.0,96781066,Finished,RES-49047,,360.0
Service 19 LLC,HK - Services 19,05/31/2025,"WaterHouse 402 (WATER402) - 8377 E County Highway 30A, Unit 402",0.1. B2B Departure Cleaning,,179.0,99199820,Finished,RES-48187,,179.0
Service 19 LLC,HK - Services 19,05/31/2025,WaterHouse 401 (WATER401) - 8377 County Highway 30-A East,0.1. B2B Departure Cleaning,0.0,179.0,96991085,Finished,RES-47646,,179.0
Service 19 LLC,HK - Services 19,05/31/2025,"WaterHouse 202 (WATER202) - 8377 E County Highway 30A, Unit 202",0.2. Non B2B Departure Cleaning,,179.0,96870761,Finished,RES-49336,,179.0
Service 19 LLC,HK - Services 19,05/31/2025,"WaterHouse 402 (WATER402) - 8377 E County Highway 30A, Unit 402",02. B2B Departure Cleaning,,179.0,96780542,Finished,RES-48187,,179.0
Service 19 LLC,HK - Services 19,05/31/2025,303 Ruskin Place (303RUSK) - 303 RUSKIN PL,0.1. B2B Departure Cleaning,0.0,280.0,96914173,Finished,RES-48225,,280.0
Service 19 LLC,HK - Services 19,05/31/2025,"WaterHouse 204 (WATER204) - 8377 E County Highway 30A, Unit 204",0.2. Non B2B Departure Cleaning,,179.0,96870764,Finished,RES-48340,,179.0
Service 19 LLC,HK - Services 19,05/31/2025,WaterHouse 203 (WATER203) - 8377 County Highway 30-A E,0.1. B2B Departure Cleaning,0.0,179.0,96820939,Finished,RES-48457,,179.0
Service 19 LLC,HK - Services 19,06/01/2025,Beach Haven (ALEX304) - 9961 E County Highway 30A,0.2. Non B2B Departure Cleaning,0.0,173.0,96914638,Finished,RES-48759,,173.0
