Assignees,Group,Completed date,Property,Task title,Total cost,Rate paid,Task ID,Status,Reservation ID,Task tags,Amount due
Shore Cleans LLC,HK - Shore Cleans,07/14/2025,47 Seagrove Place (47SEAGRV) - 47 Seagrove Place,Clean Inside Kitchen Cabinets and Stock (7/13/25),,,104831282,Finished,,,0.0
Shore Cleans LLC,HK - Shore Cleans,07/17/2025,The Flying Pig (46MAJEST) - 46 Majestica Circle,0.1. B2B Departure Cleaning,0.0,500.0,103276118,Finished,RES-50352,,500.0
Shore Cleans LLC,HK - Shore Cleans,07/19/2025,The Blue Pearl (2186S83) - 2186 South County Hwy 83,0.1. B2B Departure Cleaning,,337.0,103276182,Finished,RES-49648,,337.0
Shore Cleans LLC,HK - Shore Cleans,07/19/2025,Fintastic (91MAJEST) - 91 Majestica Circle,0.1. B2B Departure Cleaning,,318.0,103276168,Finished,RES-49883,,318.0
Shore Cleans LLC,HK - Shore Cleans,07/19/2025,Buena Vista (BUENA) - 38 Santa Clara Street,0.1. B2B Departure Cleaning,0.0,480.0,103276524,Finished,RES-48426,,480.0
Shore Cleans LLC,HK - Shore Cleans,07/19/2025,Gulf Jewel (GJEWEL) - 2226 County Highway 83 S,0.1. B2B Departure Cleaning,0.0,250.0,103276486,Finished,RES-49169,,250.0
