Assignees,Group,Completed date,Property,Task title,Total cost,Rate paid,Task ID,Status,Reservation ID,Task tags,Amount due
Shore Cleans LLC,HK - Shore Cleans,05/29/2025,Fintastic (91MAJEST) - 91 Majestica Circle,0.1. B2B Departure Cleaning,,318.0,96674240,Finished,RES-49622,,318.0
Shore Cleans LLC,HK - Shore Cleans,05/29/2025,The Flying Pig (46MAJEST) - 46 Majestica Circle,0.1. B2B Departure Cleaning,0.0,500.0,96674831,Finished,RES-49229,,500.0
Shore Cleans LLC,HK - Shore Cleans,05/31/2025,The Blue Pearl (2186S83) - 2186 South County Hwy 83,0.1. B2B Departure Cleaning,,337.0,97538554,Finished,RES-49927,,337.0
Shore Cleans LLC,HK - Shore Cleans,06/01/2025,Gulf Jewel (GJEWEL) - 2226 County Highway 83 S,0.2. Non B2B Departure Cleaning,0.0,250.0,96991101,Finished,RES-47968,,250.0
Shore Cleans LLC,HK - Shore Cleans,06/01/2025,Emerald Escape (96MAJEST) - 96 Majestica Circle,0.2. Non B2B Departure Cleaning,,259.0,96870852,Finished,RES-48956,,259.0
