Assignees,Group,Completed date,Property,Task title,Total cost,Rate paid,Task ID,Status,Task tags,Amount due
Shore Cleans LLC,HK - Shore Cleans,2025-05-12,Buena Vista (BUENA) - 38 Santa Clara Street,0.2. Non B2B Departure Cleaning,480.0,,94700335,Finished,RES-49062,480.0
Shore Cleans LLC,HK - Shore Cleans,2025-05-13,Gulf Jewel (GJEWEL) - 2226 County Highway 83 S,0.2. Non B2B Departure Cleaning,250.0,,94945953,Finished,RES-46021,250.0
Shore Cleans LLC,HK - Shore Cleans,2025-05-14,Fintastic (91MAJEST) - 91 Majestica Circle,0.2. Non B2B Departure Cleaning,159.0,,96516245,Finished,RES-49812,159.0
Shore Cleans LLC,HK - Shore Cleans,2025-05-16,Emerald Escape (96MAJEST) - 96 Majestica Circle,0.2. Non B2B Departure Cleaning,,259.0,95152646,Finished,RES-48966,259.0
Shore Cleans LLC,HK - Shore Cleans,2025-05-16,The Blue Pearl (2186S83) - 2186 South County Hwy 83,0.2. Non B2B Departure Cleaning,,337.0,96516273,Finished,RES-49810,337.0
