Assignees,Group,Completed date,Property,Task title,Total cost,Rate paid,Task ID,Status,Task tags,Amount due
Shore Cleans LLC,HK - Shore Cleans,05/19/2025,Buena Vista (BUENA) - 38 Santa Clara Street,0.2. Non B2B Departure Cleaning,0.0,480.0,95465234,Finished,RES-47328,480.0
Shore Cleans LLC,HK - Shore Cleans,05/23/2025,47 Seagrove Place (47SEAGRV) - 47 Seagrove Place,Full Clean (5/23/25),,503.0,97940770,Finished,,503.0
Shore Cleans LLC,HK - Shore Cleans,05/24/2025,Gulf Jewel (GJEWEL) - 2226 County Highway 83 S,0.1. B2B Departure Cleaning,0.0,250.0,96014832,Finished,RES-46641,250.0
Shore Cleans LLC,HK - Shore Cleans,05/25/2025,The Blue Pearl (2186S83) - 2186 South County Hwy 83,0.1. B2B Departure Cleaning,,337.0,98404573,Finished,RES-49458,337.0
